method,tree_id,split,domain,ok,MAE,error_sum,gt_B1,gt_B2,gt_B3,gt_B4,pred_B1,pred_B2,pred_B3,pred_B4,err_B1,err_B2,err_B3,err_B4,delta_B1,delta_B2,delta_B3,delta_B4
v1_corrected,DAMIMAS_A21B_0001,train,DAMIMAS,True,0.5,2,1,2,5,0,1,3,6,0,0,1,1,0,0,1,1,0
v1_corrected,DAMIMAS_A21B_0244,train,DAMIMAS,False,0.5,2,0,0,0,7,0,0,0,9,0,0,0,2,0,0,0,2
v1_corrected,DAMIMAS_A21B_0577,train,DAMIMAS,True,0.25,1,3,0,4,2,3,0,3,2,0,0,1,0,0,0,-1,0
v1_corrected,DAMIMAS_A21B_0002,train,DAMIMAS,False,1.0,4,1,0,7,4,2,0,6,6,1,0,1,2,1,0,-1,2
v1_corrected,DAMIMAS_A21B_0245,train,DAMIMAS,False,0.75,3,0,0,3,2,0,0,2,4,0,0,1,2,0,0,-1,2
v1_corrected,DAMIMAS_A21B_0578,train,DAMIMAS,True,0.25,1,1,5,1,0,1,4,1,0,0,1,0,0,0,-1,0,0
v1_corrected,DAMIMAS_A21B_0003,train,DAMIMAS,True,0.5,2,1,2,5,1,1,3,6,1,0,1,1,0,0,1,1,0
v1_corrected,DAMIMAS_A21B_0246,train,DAMIMAS,False,1.0,4,0,6,6,4,0,4,4,4,0,2,2,0,0,-2,-2,0
v1_corrected,DAMIMAS_A21B_0579,train,DAMIMAS,True,0.0,0,5,3,6,1,5,3,6,1,0,0,0,0,0,0,0,0
v1_corrected,DAMIMAS_A21B_0004,train,DAMIMAS,True,0.0,0,0,0,8,0,0,0,8,0,0,0,0,0,0,0,0,0
v1_corrected,DAMIMAS_A21B_0247,train,DAMIMAS,True,0.25,1,2,3,5,0,2,3,6,0,0,0,1,0,0,0,1,0
v1_corrected,DAMIMAS_A21B_0580,train,DAMIMAS,True,0.25,1,2,4,6,1,2,4,7,1,0,0,1,0,0,0,1,0
v1_corrected,DAMIMAS_A21B_0005,train,DAMIMAS,True,0.25,1,1,3,3,2,1,3,3,1,0,0,0,1,0,0,0,-1
v1_corrected,DAMIMAS_A21B_0248,train,DAMIMAS,True,0.5,2,0,2,5,4,0,2,6,3,0,0,1,1,0,0,1,-1
v1_corrected,DAMIMAS_A21B_0581,train,DAMIMAS,True,0.0,0,1,3,5,2,1,3,5,2,0,0,0,0,0,0,0,0
v1_corrected,DAMIMAS_A21B_0006,train,DAMIMAS,True,0.5,2,1,0,5,3,1,0,4,4,0,0,1,1,0,0,-1,1
v1_corrected,DAMIMAS_A21B_0249,train,DAMIMAS,True,0.0,0,0,1,9,0,0,1,9,0,0,0,0,0,0,0,0,0
v1_corrected,DAMIMAS_A21B_0582,train,DAMIMAS,True,0.0,0,2,6,5,2,2,6,5,2,0,0,0,0,0,0,0,0
v1_corrected,DAMIMAS_A21B_0007,train,DAMIMAS,True,0.5,2,3,3,9,3,3,2,8,3,0,1,1,0,0,-1,-1,0
v1_corrected,DAMIMAS_A21B_0250,train,DAMIMAS,True,0.25,1,2,1,8,8,2,1,7,8,0,0,1,0,0,0,-1,0
v1_corrected,DAMIMAS_A21B_0583,train,DAMIMAS,True,0.0,0,1,2,0,0,1,2,0,0,0,0,0,0,0,0,0,0
v1_corrected,DAMIMAS_A21B_0008,train,DAMIMAS,True,0.0,0,2,3,4,0,2,3,4,0,0,0,0,0,0,0,0,0
v1_corrected,DAMIMAS_A21B_0251,train,DAMIMAS,True,0.25,1,1,4,6,2,1,3,6,2,0,1,0,0,0,-1,0,0
v1_corrected,DAMIMAS_A21B_0584,train,DAMIMAS,True,0.25,1,1,3,5,1,1,3,6,1,0,0,1,0,0,0,1,0
v1_corrected,DAMIMAS_A21B_0009,train,DAMIMAS,True,0.25,1,0,0,3,3,0,0,3,2,0,0,0,1,0,0,0,-1
v1_corrected,DAMIMAS_A21B_0252,train,DAMIMAS,True,0.5,2,0,2,6,2,0,1,6,1,0,1,0,1,0,-1,0,-1
v1_corrected,DAMIMAS_A21B_0585,train,DAMIMAS,True,0.25,1,2,2,4,3,2,2,4,4,0,0,0,1,0,0,0,1
v1_corrected,DAMIMAS_A21B_0010,train,DAMIMAS,True,0.5,2,0,2,6,3,0,3,6,4,0,1,0,1,0,1,0,1
v1_corrected,DAMIMAS_A21B_0253,train,DAMIMAS,True,0.0,0,0,2,4,0,0,2,4,0,0,0,0,0,0,0,0,0
v1_corrected,DAMIMAS_A21B_0586,train,DAMIMAS,True,0.25,1,0,3,4,2,0,3,3,2,0,0,1,0,0,0,-1,0
v1_corrected,DAMIMAS_A21B_0011,train,DAMIMAS,False,0.5,2,1,1,4,1,1,1,6,1,0,0,2,0,0,0,2,0
v1_corrected,DAMIMAS_A21B_0254,train,DAMIMAS,True,0.75,3,0,2,6,3,0,3,5,4,0,1,1,1,0,1,-1,1
v1_corrected,DAMIMAS_A21B_0587,train,DAMIMAS,True,0.0,0,3,0,0,0,3,0,0,0,0,0,0,0,0,0,0,0
v1_corrected,DAMIMAS_A21B_0012,train,DAMIMAS,True,0.5,2,1,2,4,2,2,1,4,2,1,1,0,0,1,-1,0,0
v1_corrected,DAMIMAS_A21B_0255,train,DAMIMAS,True,0.0,0,1,2,6,1,1,2,6,1,0,0,0,0,0,0,0,0
v1_corrected,DAMIMAS_A21B_0588,train,DAMIMAS,True,0.25,1,4,3,3,2,3,3,3,2,1,0,0,0,-1,0,0,0
v1_corrected,DAMIMAS_A21B_0013,train,DAMIMAS,True,0.0,0,0,1,4,4,0,1,4,4,0,0,0,0,0,0,0,0
v1_corrected,DAMIMAS_A21B_0256,train,DAMIMAS,True,0.0,0,0,0,2,0,0,0,2,0,0,0,0,0,0,0,0,0
v1_corrected,DAMIMAS_A21B_0589,train,DAMIMAS,True,0.25,1,1,2,10,1,1,2,9,1,0,0,1,0,0,0,-1,0
v1_corrected,DAMIMAS_A21B_0014,train,DAMIMAS,True,0.25,1,1,1,4,3,1,1,4,4,0,0,0,1,0,0,0,1
v1_corrected,DAMIMAS_A21B_0257,train,DAMIMAS,False,0.75,3,1,4,7,1,1,3,5,1,0,1,2,0,0,-1,-2,0
v1_corrected,DAMIMAS_A21B_0590,train,DAMIMAS,True,0.5,2,4,2,4,4,4,2,3,3,0,0,1,1,0,0,-1,-1
v1_corrected,DAMIMAS_A21B_0015,train,DAMIMAS,True,0.5,2,1,1,7,4,2,1,8,4,1,0,1,0,1,0,1,0
v1_corrected,DAMIMAS_A21B_0258,train,DAMIMAS,True,0.25,1,0,2,7,2,0,2,6,2,0,0,1,0,0,0,-1,0
v1_corrected,DAMIMAS_A21B_0591,train,DAMIMAS,True,0.0,0,2,5,5,1,2,5,5,1,0,0,0,0,0,0,0,0
v1_corrected,DAMIMAS_A21B_0016,train,DAMIMAS,True,0.0,0,1,0,4,0,1,0,4,0,0,0,0,0,0,0,0,0
v1_corrected,DAMIMAS_A21B_0259,train,DAMIMAS,False,0.5,2,1,8,3,0,1,6,3,0,0,2,0,0,0,-2,0,0
v1_corrected,DAMIMAS_A21B_0592,train,DAMIMAS,True,0.0,0,1,1,6,0,1,1,6,0,0,0,0,0,0,0,0,0
v1_corrected,DAMIMAS_A21B_0017,train,DAMIMAS,True,0.25,1,0,1,3,4,0,1,3,5,0,0,0,1,0,0,0,1
v1_corrected,DAMIMAS_A21B_0260,train,DAMIMAS,True,0.5,2,1,5,3,2,1,6,3,1,0,1,0,1,0,1,0,-1
v1_corrected,DAMIMAS_A21B_0593,train,DAMIMAS,True,0.0,0,0,0,1,2,0,0,1,2,0,0,0,0,0,0,0,0
v1_corrected,DAMIMAS_A21B_0018,train,DAMIMAS,True,0.25,1,1,0,3,1,1,0,4,1,0,0,1,0,0,0,1,0
v1_corrected,DAMIMAS_A21B_0261,train,DAMIMAS,True,0.75,3,3,5,5,3,3,4,4,4,0,1,1,1,0,-1,-1,1
v1_corrected,DAMIMAS_A21B_0594,train,DAMIMAS,True,0.5,2,4,5,3,3,4,4,3,2,0,1,0,1,0,-1,0,-1
v1_corrected,DAMIMAS_A21B_0019,train,DAMIMAS,True,0.25,1,2,0,8,3,2,0,8,4,0,0,0,1,0,0,0,1
v1_corrected,DAMIMAS_A21B_0262,train,DAMIMAS,True,0.25,1,2,2,7,2,2,2,8,2,0,0,1,0,0,0,1,0
v1_corrected,DAMIMAS_A21B_0595,train,DAMIMAS,True,0.0,0,3,4,6,0,3,4,6,0,0,0,0,0,0,0,0,0
v1_corrected,DAMIMAS_A21B_0020,train,DAMIMAS,True,0.0,0,1,1,4,3,1,1,4,3,0,0,0,0,0,0,0,0
v1_corrected,DAMIMAS_A21B_0263,train,DAMIMAS,True,0.25,1,0,7,3,1,0,8,3,1,0,1,0,0,0,1,0,0
v1_corrected,DAMIMAS_A21B_0596,train,DAMIMAS,True,0.25,1,0,2,8,4,0,2,8,3,0,0,0,1,0,0,0,-1
v1_corrected,DAMIMAS_A21B_0021,train,DAMIMAS,True,0.0,0,3,0,5,4,3,0,5,4,0,0,0,0,0,0,0,0
v1_corrected,DAMIMAS_A21B_0264,train,DAMIMAS,True,0.0,0,3,2,7,0,3,2,7,0,0,0,0,0,0,0,0,0
v1_corrected,DAMIMAS_A21B_0597,train,DAMIMAS,True,0.0,0,0,0,8,0,0,0,8,0,0,0,0,0,0,0,0,0
v1_corrected,DAMIMAS_A21B_0022,train,DAMIMAS,True,0.25,1,0,1,5,2,0,1,6,2,0,0,1,0,0,0,1,0
v1_corrected,DAMIMAS_A21B_0265,train,DAMIMAS,True,0.0,0,1,2,8,1,1,2,8,1,0,0,0,0,0,0,0,0
v1_corrected,DAMIMAS_A21B_0598,train,DAMIMAS,True,0.0,0,1,3,5,1,1,3,5,1,0,0,0,0,0,0,0,0
v1_corrected,DAMIMAS_A21B_0023,train,DAMIMAS,True,0.25,1,1,3,5,0,1,3,4,0,0,0,1,0,0,0,-1,0
v1_corrected,DAMIMAS_A21B_0266,train,DAMIMAS,True,0.25,1,2,1,9,0,2,1,8,0,0,0,1,0,0,0,-1,0
v1_corrected,DAMIMAS_A21B_0599,train,DAMIMAS,True,0.5,2,3,4,6,2,3,3,6,1,0,1,0,1,0,-1,0,-1
v1_corrected,DAMIMAS_A21B_0024,train,DAMIMAS,True,0.5,2,1,0,6,3,2,0,6,4,1,0,0,1,1,0,0,1
v1_corrected,DAMIMAS_A21B_0267,train,DAMIMAS,True,0.5,2,1,5,4,2,2,4,4,2,1,1,0,0,1,-1,0,0
v1_corrected,DAMIMAS_A21B_0600,train,DAMIMAS,True,0.0,0,3,2,7,4,3,2,7,4,0,0,0,0,0,0,0,0
v1_corrected,DAMIMAS_A21B_0025,train,DAMIMAS,True,0.5,2,1,1,5,0,2,1,4,0,1,0,1,0,1,0,-1,0
v1_corrected,DAMIMAS_A21B_0268,train,DAMIMAS,False,1.0,4,2,6,5,6,2,4,4,5,0,2,1,1,0,-2,-1,-1
v1_corrected,DAMIMAS_A21B_0601,train,DAMIMAS,True,0.25,1,0,0,5,1,0,0,6,1,0,0,1,0,0,0,1,0
v1_corrected,DAMIMAS_A21B_0026,train,DAMIMAS,True,0.0,0,0,1,4,2,0,1,4,2,0,0,0,0,0,0,0,0
v1_corrected,DAMIMAS_A21B_0269,train,DAMIMAS,True,0.25,1,0,0,5,0,0,0,6,0,0,0,1,0,0,0,1,0
v1_corrected,DAMIMAS_A21B_0602,train,DAMIMAS,True,0.5,2,4,4,5,3,4,4,4,2,0,0,1,1,0,0,-1,-1
v1_corrected,DAMIMAS_A21B_0027,train,DAMIMAS,True,0.25,1,3,0,6,2,4,0,6,2,1,0,0,0,1,0,0,0
v1_corrected,DAMIMAS_A21B_0270,train,DAMIMAS,True,0.25,1,1,2,7,0,1,2,6,0,0,0,1,0,0,0,-1,0
v1_corrected,DAMIMAS_A21B_0603,train,DAMIMAS,True,0.0,0,2,4,3,1,2,4,3,1,0,0,0,0,0,0,0,0
v1_corrected,DAMIMAS_A21B_0028,train,DAMIMAS,True,0.5,2,0,1,5,6,0,1,6,5,0,0,1,1,0,0,1,-1
v1_corrected,DAMIMAS_A21B_0271,train,DAMIMAS,True,0.5,2,0,6,6,3,0,5,6,2,0,1,0,1,0,-1,0,-1
v1_corrected,DAMIMAS_A21B_0604,train,DAMIMAS,True,0.0,0,0,3,2,1,0,3,2,1,0,0,0,0,0,0,0,0
v1_corrected,DAMIMAS_A21B_0029,train,DAMIMAS,True,0.75,3,1,2,5,2,1,3,6,3,0,1,1,1,0,1,1,1
v1_corrected,DAMIMAS_A21B_0272,train,DAMIMAS,True,0.25,1,1,1,5,2,1,2,5,2,0,1,0,0,0,1,0,0
v1_corrected,DAMIMAS_A21B_0605,train,DAMIMAS,True,0.25,1,2,2,6,3,2,2,6,2,0,0,0,1,0,0,0,-1
v1_corrected,DAMIMAS_A21B_0030,train,DAMIMAS,True,0.25,1,0,0,5,3,0,0,5,2,0,0,0,1,0,0,0,-1
v1_corrected,DAMIMAS_A21B_0273,train,DAMIMAS,False,0.5,2,0,1,6,0,0,1,8,0,0,0,2,0,0,0,2,0
v1_corrected,DAMIMAS_A21B_0606,train,DAMIMAS,True,0.25,1,1,5,4,4,1,4,4,4,0,1,0,0,0,-1,0,0
v1_corrected,DAMIMAS_A21B_0031,train,DAMIMAS,True,0.0,0,0,1,4,2,0,1,4,2,0,0,0,0,0,0,0,0
v1_corrected,DAMIMAS_A21B_0274,train,DAMIMAS,True,0.25,1,0,1,8,3,0,1,8,2,0,0,0,1,0,0,0,-1
v1_corrected,DAMIMAS_A21B_0607,train,DAMIMAS,True,0.0,0,4,4,4,1,4,4,4,1,0,0,0,0,0,0,0,0
v1_corrected,DAMIMAS_A21B_0032,train,DAMIMAS,True,0.5,2,2,1,5,3,2,1,6,4,0,0,1,1,0,0,1,1
v1_corrected,DAMIMAS_A21B_0275,train,DAMIMAS,True,0.75,3,3,4,8,2,3,3,7,1,0,1,1,1,0,-1,-1,-1
v1_corrected,DAMIMAS_A21B_0608,train,DAMIMAS,True,0.0,0,0,2,8,3,0,2,8,3,0,0,0,0,0,0,0,0
v1_corrected,DAMIMAS_A21B_0033,train,DAMIMAS,True,0.5,2,0,0,8,2,0,0,9,1,0,0,1,1,0,0,1,-1
v1_corrected,DAMIMAS_A21B_0276,train,DAMIMAS,True,0.25,1,1,1,3,0,2,1,3,0,1,0,0,0,1,0,0,0
v1_corrected,DAMIMAS_A21B_0609,train,DAMIMAS,True,0.25,1,1,2,5,3,1,2,4,3,0,0,1,0,0,0,-1,0
v1_corrected,DAMIMAS_A21B_0034,train,DAMIMAS,True,0.25,1,0,1,3,6,0,1,3,5,0,0,0,1,0,0,0,-1
v1_corrected,DAMIMAS_A21B_0277,train,DAMIMAS,True,0.5,2,1,3,5,0,2,3,4,0,1,0,1,0,1,0,-1,0
v1_corrected,DAMIMAS_A21B_0610,train,DAMIMAS,True,0.25,1,0,6,4,2,0,6,3,2,0,0,1,0,0,0,-1,0
v1_corrected,DAMIMAS_A21B_0035,train,DAMIMAS,False,0.5,2,0,7,2,0,0,5,2,0,0,2,0,0,0,-2,0,0
v1_corrected,DAMIMAS_A21B_0278,train,DAMIMAS,False,0.75,3,2,4,6,0,3,4,4,0,1,0,2,0,1,0,-2,0
v1_corrected,DAMIMAS_A21B_0611,train,DAMIMAS,True,0.0,0,0,6,5,0,0,6,5,0,0,0,0,0,0,0,0,0
v1_corrected,DAMIMAS_A21B_0036,train,DAMIMAS,True,0.0,0,0,1,7,0,0,1,7,0,0,0,0,0,0,0,0,0
v1_corrected,DAMIMAS_A21B_0279,train,DAMIMAS,True,0.5,2,0,5,9,1,0,4,8,1,0,1,1,0,0,-1,-1,0
v1_corrected,DAMIMAS_A21B_0612,train,DAMIMAS,True,0.25,1,0,1,8,0,0,1,7,0,0,0,1,0,0,0,-1,0
v1_corrected,DAMIMAS_A21B_0037,train,DAMIMAS,True,0.25,1,0,3,5,3,0,3,6,3,0,0,1,0,0,0,1,0
v1_corrected,DAMIMAS_A21B_0280,train,DAMIMAS,True,0.5,2,2,3,4,4,2,2,3,4,0,1,1,0,0,-1,-1,0
v1_corrected,DAMIMAS_A21B_0613,train,DAMIMAS,True,0.25,1,0,1,4,1,0,1,3,1,0,0,1,0,0,0,-1,0
v1_corrected,DAMIMAS_A21B_0038,train,DAMIMAS,True,0.0,0,2,0,5,5,2,0,5,5,0,0,0,0,0,0,0,0
v1_corrected,DAMIMAS_A21B_0281,train,DAMIMAS,False,0.5,2,0,0,10,5,0,0,8,5,0,0,2,0,0,0,-2,0
v1_corrected,DAMIMAS_A21B_0614,train,DAMIMAS,True,0.75,3,2,5,5,4,2,6,4,3,0,1,1,1,0,1,-1,-1
v1_corrected,DAMIMAS_A21B_0039,train,DAMIMAS,True,0.0,0,2,5,2,0,2,5,2,0,0,0,0,0,0,0,0,0
v1_corrected,DAMIMAS_A21B_0282,train,DAMIMAS,True,0.0,0,4,0,6,0,4,0,6,0,0,0,0,0,0,0,0,0
v1_corrected,DAMIMAS_A21B_0615,train,DAMIMAS,True,0.25,1,3,5,3,1,3,6,3,1,0,1,0,0,0,1,0,0
v1_corrected,DAMIMAS_A21B_0040,train,DAMIMAS,True,0.25,1,2,2,4,3,2,2,4,4,0,0,0,1,0,0,0,1
v1_corrected,DAMIMAS_A21B_0283,train,DAMIMAS,True,0.0,0,2,1,7,1,2,1,7,1,0,0,0,0,0,0,0,0
v1_corrected,DAMIMAS_A21B_0616,train,DAMIMAS,True,0.25,1,2,2,5,4,2,2,5,3,0,0,0,1,0,0,0,-1
v1_corrected,DAMIMAS_A21B_0041,train,DAMIMAS,True,0.0,0,2,3,6,3,2,3,6,3,0,0,0,0,0,0,0,0
v1_corrected,DAMIMAS_A21B_0617,train,DAMIMAS,True,0.0,0,3,3,5,1,3,3,5,1,0,0,0,0,0,0,0,0
v1_corrected,DAMIMAS_A21B_0042,train,DAMIMAS,True,0.5,2,2,1,4,1,3,1,3,1,1,0,1,0,1,0,-1,0
v1_corrected,DAMIMAS_A21B_0618,train,DAMIMAS,True,0.25,1,3,4,2,1,3,3,2,1,0,1,0,0,0,-1,0,0
v1_corrected,DAMIMAS_A21B_0043,train,DAMIMAS,False,0.5,2,2,3,6,0,2,3,8,0,0,0,2,0,0,0,2,0
v1_corrected,DAMIMAS_A21B_0619,train,DAMIMAS,True,0.25,1,6,4,6,0,6,3,6,0,0,1,0,0,0,-1,0,0
v1_corrected,DAMIMAS_A21B_0044,train,DAMIMAS,True,0.0,0,2,1,4,1,2,1,4,1,0,0,0,0,0,0,0,0
v1_corrected,DAMIMAS_A21B_0620,train,DAMIMAS,True,0.0,0,2,1,9,2,2,1,9,2,0,0,0,0,0,0,0,0
v1_corrected,DAMIMAS_A21B_0045,train,DAMIMAS,True,0.25,1,1,0,10,4,1,0,11,4,0,0,1,0,0,0,1,0
v1_corrected,DAMIMAS_A21B_0621,train,DAMIMAS,True,0.25,1,3,3,8,2,3,3,7,2,0,0,1,0,0,0,-1,0
v1_corrected,DAMIMAS_A21B_0622,train,DAMIMAS,True,0.0,0,2,6,3,2,2,6,3,2,0,0,0,0,0,0,0,0
v1_corrected,DAMIMAS_A21B_0623,train,DAMIMAS,True,0.25,1,2,5,5,0,2,5,6,0,0,0,1,0,0,0,1,0
v1_corrected,DAMIMAS_A21B_0624,train,DAMIMAS,True,0.25,1,3,1,8,2,3,1,7,2,0,0,1,0,0,0,-1,0
v1_corrected,DAMIMAS_A21B_0625,train,DAMIMAS,True,0.25,1,0,3,9,3,0,3,9,4,0,0,0,1,0,0,0,1
v1_corrected,DAMIMAS_A21B_0626,train,DAMIMAS,True,0.0,0,1,4,4,5,1,4,4,5,0,0,0,0,0,0,0,0
v1_corrected,DAMIMAS_A21B_0627,train,DAMIMAS,True,0.0,0,2,4,4,0,2,4,4,0,0,0,0,0,0,0,0,0
v1_corrected,DAMIMAS_A21B_0628,train,DAMIMAS,True,0.25,1,0,2,7,3,0,2,7,4,0,0,0,1,0,0,0,1
v1_corrected,DAMIMAS_A21B_0629,train,DAMIMAS,True,0.25,1,2,0,6,1,2,0,7,1,0,0,1,0,0,0,1,0
v1_corrected,DAMIMAS_A21B_0630,train,DAMIMAS,True,0.25,1,1,5,3,3,1,5,3,4,0,0,0,1,0,0,0,1
v1_corrected,DAMIMAS_A21B_0631,train,DAMIMAS,True,0.0,0,0,3,3,0,0,3,3,0,0,0,0,0,0,0,0,0
v1_corrected,DAMIMAS_A21B_0632,train,DAMIMAS,False,0.5,2,3,4,10,4,3,4,8,4,0,0,2,0,0,0,-2,0
v1_corrected,DAMIMAS_A21B_0633,train,DAMIMAS,True,0.0,0,0,0,2,0,0,0,2,0,0,0,0,0,0,0,0,0
v1_corrected,DAMIMAS_A21B_0634,train,DAMIMAS,True,0.75,3,4,5,4,3,4,6,3,4,0,1,1,1,0,1,-1,1
v1_corrected,DAMIMAS_A21B_0635,train,DAMIMAS,True,0.5,2,3,7,5,3,3,6,4,3,0,1,1,0,0,-1,-1,0
v1_corrected,DAMIMAS_A21B_0636,train,DAMIMAS,True,0.25,1,0,1,7,3,0,1,7,2,0,0,0,1,0,0,0,-1
v1_corrected,DAMIMAS_A21B_0637,train,DAMIMAS,True,0.0,0,2,0,2,1,2,0,2,1,0,0,0,0,0,0,0,0
v1_corrected,DAMIMAS_A21B_0638,train,DAMIMAS,True,0.25,1,4,3,4,1,4,3,3,1,0,0,1,0,0,0,-1,0
v1_corrected,DAMIMAS_A21B_0639,train,DAMIMAS,True,0.25,1,2,1,10,1,2,1,9,1,0,0,1,0,0,0,-1,0
v1_corrected,DAMIMAS_A21B_0640,train,DAMIMAS,True,0.5,2,1,3,7,3,1,3,8,2,0,0,1,1,0,0,1,-1
v1_corrected,DAMIMAS_A21B_0641,train,DAMIMAS,True,0.0,0,3,3,5,4,3,3,5,4,0,0,0,0,0,0,0,0
v1_corrected,DAMIMAS_A21B_0642,train,DAMIMAS,True,0.25,1,1,1,3,3,1,1,3,2,0,0,0,1,0,0,0,-1
v1_corrected,DAMIMAS_A21B_0644,train,DAMIMAS,True,0.5,2,0,2,7,3,0,2,8,4,0,0,1,1,0,0,1,1
v1_corrected,DAMIMAS_A21B_0645,train,DAMIMAS,True,0.25,1,0,0,5,2,0,0,6,2,0,0,1,0,0,0,1,0
v1_corrected,DAMIMAS_A21B_0646,train,DAMIMAS,True,0.0,0,0,4,5,2,0,4,5,2,0,0,0,0,0,0,0,0
v1_corrected,DAMIMAS_A21B_0647,train,DAMIMAS,True,0.0,0,0,4,7,0,0,4,7,0,0,0,0,0,0,0,0,0
v1_corrected,DAMIMAS_A21B_0648,train,DAMIMAS,True,0.5,2,0,0,8,3,0,0,7,4,0,0,1,1,0,0,-1,1
v1_corrected,DAMIMAS_A21B_0649,train,DAMIMAS,True,0.25,1,0,1,9,3,0,1,8,3,0,0,1,0,0,0,-1,0
v1_corrected,DAMIMAS_A21B_0650,train,DAMIMAS,True,0.5,2,2,2,6,3,2,2,5,2,0,0,1,1,0,0,-1,-1
v1_corrected,DAMIMAS_A21B_0651,train,DAMIMAS,True,0.0,0,2,2,5,4,2,2,5,4,0,0,0,0,0,0,0,0
v1_corrected,DAMIMAS_A21B_0652,train,DAMIMAS,True,0.25,1,2,3,4,2,2,3,4,1,0,0,0,1,0,0,0,-1
v1_corrected,DAMIMAS_A21B_0653,train,DAMIMAS,True,0.25,1,2,1,6,3,2,1,5,3,0,0,1,0,0,0,-1,0
v1_corrected,DAMIMAS_A21B_0654,train,DAMIMAS,True,0.25,1,3,6,3,4,3,5,3,4,0,1,0,0,0,-1,0,0
v1_corrected,DAMIMAS_A21B_0655,train,DAMIMAS,True,0.25,1,2,1,7,2,2,1,6,2,0,0,1,0,0,0,-1,0
v1_corrected,DAMIMAS_A21B_0656,train,DAMIMAS,True,0.5,2,2,0,9,5,2,0,8,4,0,0,1,1,0,0,-1,-1
v1_corrected,DAMIMAS_A21B_0657,train,DAMIMAS,True,0.0,0,1,2,7,5,1,2,7,5,0,0,0,0,0,0,0,0
v1_corrected,DAMIMAS_A21B_0658,train,DAMIMAS,True,0.25,1,1,2,3,1,1,2,2,1,0,0,1,0,0,0,-1,0
v1_corrected,DAMIMAS_A21B_0659,train,DAMIMAS,True,0.0,0,1,1,8,2,1,1,8,2,0,0,0,0,0,0,0,0
v1_corrected,DAMIMAS_A21B_0660,train,DAMIMAS,True,0.0,0,0,2,5,3,0,2,5,3,0,0,0,0,0,0,0,0
v1_corrected,DAMIMAS_A21B_0780,train,DAMIMAS,True,0.0,0,0,0,1,4,0,0,1,4,0,0,0,0,0,0,0,0
v1_corrected,DAMIMAS_A21B_0781,train,DAMIMAS,True,0.25,1,0,4,5,3,0,4,5,4,0,0,0,1,0,0,0,1
v1_corrected,DAMIMAS_A21B_0782,train,DAMIMAS,True,0.0,0,0,0,3,1,0,0,3,1,0,0,0,0,0,0,0,0
v1_corrected,DAMIMAS_A21B_0783,train,DAMIMAS,True,0.75,3,1,2,8,3,2,2,7,2,1,0,1,1,1,0,-1,-1
v1_corrected,DAMIMAS_A21B_0784,train,DAMIMAS,True,0.25,1,0,3,4,1,0,3,3,1,0,0,1,0,0,0,-1,0
v1_corrected,DAMIMAS_A21B_0785,train,DAMIMAS,False,0.5,2,0,2,4,0,0,2,6,0,0,0,2,0,0,0,2,0
v1_corrected,DAMIMAS_A21B_0786,train,DAMIMAS,True,0.0,0,1,1,1,0,1,1,1,0,0,0,0,0,0,0,0,0
v1_corrected,DAMIMAS_A21B_0787,train,DAMIMAS,True,0.0,0,0,3,4,0,0,3,4,0,0,0,0,0,0,0,0,0
v1_corrected,DAMIMAS_A21B_0788,train,DAMIMAS,True,0.25,1,0,1,7,3,0,1,8,3,0,0,1,0,0,0,1,0
v1_corrected,DAMIMAS_A21B_0789,train,DAMIMAS,True,0.5,2,2,5,4,5,2,4,4,4,0,1,0,1,0,-1,0,-1
v1_corrected,DAMIMAS_A21B_0790,train,DAMIMAS,True,0.0,0,2,0,6,0,2,0,6,0,0,0,0,0,0,0,0,0
v1_corrected,DAMIMAS_A21B_0791,train,DAMIMAS,True,0.0,0,0,1,4,0,0,1,4,0,0,0,0,0,0,0,0,0
v1_corrected,DAMIMAS_A21B_0792,train,DAMIMAS,True,0.5,2,0,3,7,2,0,3,8,1,0,0,1,1,0,0,1,-1
v1_corrected,DAMIMAS_A21B_0794,train,DAMIMAS,True,0.0,0,0,2,9,0,0,2,9,0,0,0,0,0,0,0,0,0
v1_corrected,DAMIMAS_A21B_0795,train,DAMIMAS,True,0.25,1,1,1,3,0,1,1,2,0,0,0,1,0,0,0,-1,0
v1_corrected,DAMIMAS_A21B_0796,train,DAMIMAS,True,0.25,1,0,0,5,1,0,0,6,1,0,0,1,0,0,0,1,0
v1_corrected,DAMIMAS_A21B_0797,train,DAMIMAS,True,0.0,0,1,4,2,0,1,4,2,0,0,0,0,0,0,0,0,0
v1_corrected,DAMIMAS_A21B_0798,train,DAMIMAS,True,0.25,1,1,2,4,0,1,3,4,0,0,1,0,0,0,1,0,0
v1_corrected,DAMIMAS_A21B_0799,train,DAMIMAS,True,0.25,1,0,0,5,3,0,0,6,3,0,0,1,0,0,0,1,0
v1_corrected,DAMIMAS_A21B_0800,train,DAMIMAS,True,0.5,2,0,2,5,3,0,3,4,3,0,1,1,0,0,1,-1,0
v1_corrected,DAMIMAS_A21B_0801,train,DAMIMAS,True,0.25,1,1,4,2,3,1,4,2,4,0,0,0,1,0,0,0,1
v1_corrected,DAMIMAS_A21B_0802,train,DAMIMAS,True,0.0,0,1,2,2,4,1,2,2,4,0,0,0,0,0,0,0,0
v1_corrected,DAMIMAS_A21B_0803,train,DAMIMAS,True,0.5,2,1,1,8,4,1,1,7,5,0,0,1,1,0,0,-1,1
v1_corrected,DAMIMAS_A21B_0804,train,DAMIMAS,True,0.0,0,1,2,5,1,1,2,5,1,0,0,0,0,0,0,0,0
v1_corrected,DAMIMAS_A21B_0805,train,DAMIMAS,True,0.75,3,2,4,3,3,3,4,4,4,1,0,1,1,1,0,1,1
v1_corrected,DAMIMAS_A21B_0806,train,DAMIMAS,True,0.25,1,1,0,5,1,1,0,6,1,0,0,1,0,0,0,1,0
v1_corrected,DAMIMAS_A21B_0807,train,DAMIMAS,True,0.0,0,0,1,1,10,0,1,1,10,0,0,0,0,0,0,0,0
v1_corrected,DAMIMAS_A21B_0808,train,DAMIMAS,True,0.75,3,2,1,3,4,3,2,3,5,1,1,0,1,1,1,0,1
v1_corrected,DAMIMAS_A21B_0809,val,DAMIMAS,True,0.5,2,2,2,6,2,3,2,7,2,1,0,1,0,1,0,1,0
v1_corrected,DAMIMAS_A21B_0546,test,DAMIMAS,True,0.25,1,2,5,4,5,2,6,4,5,0,1,0,0,0,1,0,0
v1_corrected,DAMIMAS_A21B_0547,test,DAMIMAS,True,0.25,1,1,5,6,0,1,6,6,0,0,1,0,0,0,1,0,0
v1_corrected,DAMIMAS_A21B_0548,test,DAMIMAS,True,0.25,1,1,3,4,3,1,3,4,4,0,0,0,1,0,0,0,1
v1_corrected,DAMIMAS_A21B_0549,test,DAMIMAS,True,0.0,0,1,0,4,0,1,0,4,0,0,0,0,0,0,0,0,0
v1_corrected,DAMIMAS_A21B_0550,test,DAMIMAS,True,0.0,0,2,4,4,5,2,4,4,5,0,0,0,0,0,0,0,0
v1_corrected,DAMIMAS_A21B_0551,test,DAMIMAS,True,0.25,1,3,3,7,4,4,3,7,4,1,0,0,0,1,0,0,0
v1_corrected,DAMIMAS_A21B_0552,test,DAMIMAS,True,0.25,1,3,4,2,0,4,4,2,0,1,0,0,0,1,0,0,0
v1_corrected,DAMIMAS_A21B_0553,test,DAMIMAS,True,1.0,4,1,1,5,3,2,2,6,2,1,1,1,1,1,1,1,-1
v1_corrected,DAMIMAS_A21B_0554,test,DAMIMAS,False,1.0,4,2,3,4,5,2,3,6,7,0,0,2,2,0,0,2,2
v1_corrected,DAMIMAS_A21B_0555,test,DAMIMAS,True,0.5,2,0,3,3,1,0,4,4,1,0,1,1,0,0,1,1,0
v1_corrected,DAMIMAS_A21B_0556,test,DAMIMAS,True,0.25,1,2,4,4,3,2,4,4,2,0,0,0,1,0,0,0,-1
v1_corrected,DAMIMAS_A21B_0557,test,DAMIMAS,False,1.0,4,1,1,3,4,2,1,5,5,1,0,2,1,1,0,2,1
v1_corrected,DAMIMAS_A21B_0558,test,DAMIMAS,True,0.75,3,0,3,4,3,0,4,5,4,0,1,1,1,0,1,1,1
v1_corrected,DAMIMAS_A21B_0559,test,DAMIMAS,True,0.0,0,0,0,0,7,0,0,0,7,0,0,0,0,0,0,0,0
v1_corrected,DAMIMAS_A21B_0560,test,DAMIMAS,True,0.0,0,0,2,3,0,0,2,3,0,0,0,0,0,0,0,0,0
v1_corrected,DAMIMAS_A21B_0561,test,DAMIMAS,True,0.25,1,1,2,6,3,1,2,6,4,0,0,0,1,0,0,0,1
v1_corrected,DAMIMAS_A21B_0562,test,DAMIMAS,False,0.5,2,2,4,6,4,2,4,4,4,0,0,2,0,0,0,-2,0
v1_corrected,DAMIMAS_A21B_0563,test,DAMIMAS,True,0.25,1,2,3,4,0,3,3,4,0,1,0,0,0,1,0,0,0
v1_corrected,DAMIMAS_A21B_0564,test,DAMIMAS,True,0.5,2,3,2,4,3,3,2,3,4,0,0,1,1,0,0,-1,1
v1_corrected,DAMIMAS_A21B_0565,test,DAMIMAS,True,0.5,2,0,0,6,4,0,0,7,5,0,0,1,1,0,0,1,1
v1_corrected,DAMIMAS_A21B_0566,test,DAMIMAS,True,0.75,3,1,4,5,3,2,4,6,4,1,0,1,1,1,0,1,1
v1_corrected,DAMIMAS_A21B_0567,test,DAMIMAS,True,0.25,1,3,4,5,2,3,4,6,2,0,0,1,0,0,0,1,0
v1_corrected,DAMIMAS_A21B_0568,test,DAMIMAS,True,0.25,1,2,3,4,3,2,3,4,4,0,0,0,1,0,0,0,1
v1_corrected,DAMIMAS_A21B_0569,test,DAMIMAS,False,0.75,3,2,2,4,6,3,2,4,4,1,0,0,2,1,0,0,-2
v1_corrected,DAMIMAS_A21B_0570,test,DAMIMAS,True,0.5,2,0,3,5,3,0,3,6,4,0,0,1,1,0,0,1,1
v1_corrected,DAMIMAS_A21B_0571,test,DAMIMAS,False,0.5,2,3,6,6,1,3,4,6,1,0,2,0,0,0,-2,0,0
v1_corrected,DAMIMAS_A21B_0572,test,DAMIMAS,True,0.25,1,2,3,2,2,2,3,1,2,0,0,1,0,0,0,-1,0
v1_corrected,DAMIMAS_A21B_0573,test,DAMIMAS,True,0.5,2,0,2,3,9,0,3,3,8,0,1,0,1,0,1,0,-1
v1_corrected,DAMIMAS_A21B_0574,test,DAMIMAS,False,0.5,2,0,0,3,2,0,0,5,2,0,0,2,0,0,0,2,0
v1_corrected,DAMIMAS_A21B_0575,test,DAMIMAS,True,0.0,0,3,3,6,3,3,3,6,3,0,0,0,0,0,0,0,0
v1_corrected,DAMIMAS_A21B_0576,test,DAMIMAS,True,0.25,1,3,5,4,4,3,4,4,4,0,1,0,0,0,-1,0,0
