tree_id,domain,split,n_sides,pred_B1,naive_B1,pred_B2,naive_B2,pred_B3,naive_B3,pred_B4,naive_B4,total_pred,total_naive,naive_ratio,outlier
DAMIMAS_A21B_0046,DAMIMAS,test,4,0,0,0,0,4,6,2,7,6,13,0.46153846153846156,0
DAMIMAS_A21B_0047,DAMIMAS,val,4,3,5,3,7,1,1,0,0,7,13,0.5384615384615384,0
DAMIMAS_A21B_0048,DAMIMAS,val,4,2,3,2,4,2,6,1,2,7,15,0.4666666666666667,0
DAMIMAS_A21B_0049,DAMIMAS,train,4,0,0,0,0,4,10,3,3,7,13,0.5384615384615384,0
DAMIMAS_A21B_0050,DAMIMAS,train,4,2,4,0,0,3,4,5,7,10,15,0.6666666666666666,0
DAMIMAS_A21B_0051,DAMIMAS,train,4,1,1,8,21,2,2,0,0,11,24,0.4583333333333333,0
DAMIMAS_A21B_0052,DAMIMAS,train,4,4,6,4,6,5,7,2,3,15,22,0.6818181818181818,0
DAMIMAS_A21B_0053,DAMIMAS,train,4,2,2,2,2,3,6,2,4,9,14,0.6428571428571429,0
DAMIMAS_A21B_0054,DAMIMAS,test,4,1,1,2,2,3,5,7,12,13,20,0.65,0
DAMIMAS_A21B_0055,DAMIMAS,train,4,4,7,6,13,1,1,0,0,11,21,0.5238095238095238,0
DAMIMAS_A21B_0056,DAMIMAS,train,4,1,4,0,0,4,4,3,6,8,14,0.5714285714285714,0
DAMIMAS_A21B_0057,DAMIMAS,train,4,3,4,2,3,7,11,3,5,15,23,0.6521739130434783,0
DAMIMAS_A21B_0058,DAMIMAS,train,4,2,5,0,0,2,4,4,6,8,15,0.5333333333333333,0
DAMIMAS_A21B_0059,DAMIMAS,test,4,3,5,2,3,0,0,0,0,5,8,0.625,0
DAMIMAS_A21B_0060,DAMIMAS,val,4,2,3,1,1,3,5,5,7,11,16,0.6875,0
DAMIMAS_A21B_0061,DAMIMAS,train,4,1,2,2,4,5,13,1,1,9,20,0.45,0
DAMIMAS_A21B_0062,DAMIMAS,train,4,3,3,3,3,3,5,3,4,12,15,0.8,0
DAMIMAS_A21B_0063,DAMIMAS,val,4,3,5,5,8,1,3,0,0,9,16,0.5625,0
DAMIMAS_A21B_0064,DAMIMAS,train,4,1,2,2,4,2,5,1,1,6,12,0.5,0
DAMIMAS_A21B_0065,DAMIMAS,train,4,3,7,0,0,4,12,2,5,9,24,0.375,0
DAMIMAS_A21B_0066,DAMIMAS,train,4,1,4,3,4,4,8,4,10,12,26,0.46153846153846156,0
DAMIMAS_A21B_0067,DAMIMAS,train,4,5,7,7,14,3,3,0,0,15,24,0.625,0
DAMIMAS_A21B_0068,DAMIMAS,train,4,2,4,2,5,2,3,3,6,9,18,0.5,0
DAMIMAS_A21B_0069,DAMIMAS,train,4,3,3,2,3,7,11,2,2,14,19,0.7368421052631579,0
DAMIMAS_A21B_0070,DAMIMAS,train,4,0,0,0,0,7,9,5,8,12,17,0.7058823529411765,0
DAMIMAS_A21B_0071,DAMIMAS,train,4,3,4,5,14,0,0,0,0,8,18,0.4444444444444444,0
DAMIMAS_A21B_0072,DAMIMAS,train,4,2,3,3,7,5,8,3,3,13,21,0.6190476190476191,0
DAMIMAS_A21B_0073,DAMIMAS,test,4,0,0,0,0,0,0,0,0,0,0,0.0,1
DAMIMAS_A21B_0074,DAMIMAS,train,4,0,0,0,0,2,2,0,0,2,2,1.0,1
DAMIMAS_A21B_0075,DAMIMAS,train,4,4,6,11,18,3,4,1,1,19,29,0.6551724137931034,0
DAMIMAS_A21B_0076,DAMIMAS,test,4,3,6,4,5,3,4,3,7,13,22,0.5909090909090909,0
DAMIMAS_A21B_0077,DAMIMAS,train,4,4,5,2,3,5,9,1,1,12,18,0.6666666666666666,0
DAMIMAS_A21B_0078,DAMIMAS,train,4,2,5,1,1,6,8,3,6,12,20,0.6,0
DAMIMAS_A21B_0079,DAMIMAS,train,4,3,5,6,14,3,7,0,0,12,26,0.46153846153846156,0
DAMIMAS_A21B_0080,DAMIMAS,train,4,2,5,3,3,2,2,4,8,11,18,0.6111111111111112,0
DAMIMAS_A21B_0081,DAMIMAS,train,4,3,7,0,0,6,9,2,5,11,21,0.5238095238095238,0
DAMIMAS_A21B_0082,DAMIMAS,train,4,3,3,3,3,4,6,1,1,11,13,0.8461538461538461,0
DAMIMAS_A21B_0083,DAMIMAS,train,4,4,5,12,17,0,0,0,0,16,22,0.7272727272727273,0
DAMIMAS_A21B_0084,DAMIMAS,train,4,0,0,1,4,4,6,1,1,6,11,0.5454545454545454,0
DAMIMAS_A21B_0085,DAMIMAS,train,4,1,2,2,5,7,15,3,4,13,26,0.5,0
DAMIMAS_A21B_0086,DAMIMAS,train,4,2,3,1,3,5,10,2,3,10,19,0.5263157894736842,0
DAMIMAS_A21B_0087,DAMIMAS,train,4,3,8,6,14,2,3,0,0,11,25,0.44,0
DAMIMAS_A21B_0088,DAMIMAS,test,4,4,5,1,1,6,9,2,4,13,19,0.6842105263157895,0
DAMIMAS_A21B_0089,DAMIMAS,test,4,0,0,2,3,5,13,2,5,9,21,0.42857142857142855,0
DAMIMAS_A21B_0090,DAMIMAS,train,4,0,0,1,2,3,4,2,4,6,10,0.6,0
DAMIMAS_A21B_0091,DAMIMAS,train,4,1,3,6,16,1,1,0,0,8,20,0.4,0
DAMIMAS_A21B_0092,DAMIMAS,test,4,1,1,2,3,5,8,4,7,12,19,0.631578947368421,0
DAMIMAS_A21B_0093,DAMIMAS,train,4,0,0,1,1,6,11,3,5,10,17,0.5882352941176471,0
DAMIMAS_A21B_0094,DAMIMAS,test,4,1,2,0,0,6,8,8,14,15,24,0.625,0
DAMIMAS_A21B_0095,DAMIMAS,train,4,3,4,5,10,1,1,0,0,9,15,0.6,0
DAMIMAS_A21B_0096,DAMIMAS,test,4,3,3,1,1,3,3,7,9,14,16,0.875,0
DAMIMAS_A21B_0097,DAMIMAS,train,4,1,1,4,5,7,14,1,2,13,22,0.5909090909090909,0
DAMIMAS_A21B_0098,DAMIMAS,train,4,0,0,1,1,4,5,7,11,12,17,0.7058823529411765,0
DAMIMAS_A21B_0099,DAMIMAS,train,4,4,6,8,12,3,4,0,0,15,22,0.6818181818181818,0
DAMIMAS_A21B_0100,DAMIMAS,val,4,2,4,1,2,5,7,7,13,15,26,0.5769230769230769,0
DAMIMAS_A21B_0101,DAMIMAS,train,4,2,4,2,3,3,8,0,0,7,15,0.4666666666666667,0
DAMIMAS_A21B_0102,DAMIMAS,train,4,0,0,0,0,4,7,5,10,9,17,0.5294117647058824,0
DAMIMAS_A21B_0103,DAMIMAS,val,4,2,3,8,19,3,7,0,0,13,29,0.4482758620689655,0
DAMIMAS_A21B_0104,DAMIMAS,train,4,2,5,1,3,4,6,4,11,11,25,0.44,0
DAMIMAS_A21B_0105,DAMIMAS,train,4,3,3,3,4,7,11,3,3,16,21,0.7619047619047619,0
DAMIMAS_A21B_0106,DAMIMAS,test,4,2,4,0,0,3,4,6,12,11,20,0.55,0
DAMIMAS_A21B_0107,DAMIMAS,val,4,5,7,5,12,4,9,1,1,15,29,0.5172413793103449,0
DAMIMAS_A21B_0108,DAMIMAS,train,4,2,4,3,4,3,6,2,2,10,16,0.625,0
DAMIMAS_A21B_0109,DAMIMAS,train,4,1,1,2,7,3,6,3,3,9,17,0.5294117647058824,0
DAMIMAS_A21B_0110,DAMIMAS,train,4,0,0,0,0,3,4,1,2,4,6,0.6666666666666666,0
DAMIMAS_A21B_0111,DAMIMAS,train,4,0,0,6,16,5,7,0,0,11,23,0.4782608695652174,0
DAMIMAS_A21B_0112,DAMIMAS,train,4,1,2,0,0,1,3,4,4,6,9,0.6666666666666666,0
DAMIMAS_A21B_0113,DAMIMAS,train,4,0,0,1,1,2,6,1,1,4,8,0.5,0
DAMIMAS_A21B_0114,DAMIMAS,train,4,0,0,2,2,1,1,4,6,7,9,0.7777777777777778,0
DAMIMAS_A21B_0115,DAMIMAS,train,4,0,0,2,2,2,3,0,0,4,5,0.8,0
DAMIMAS_A21B_0116,DAMIMAS,val,4,1,1,2,5,2,8,5,9,10,23,0.43478260869565216,0
DAMIMAS_A21B_0117,DAMIMAS,val,4,0,0,0,0,4,7,1,1,5,8,0.625,0
DAMIMAS_A21B_0118,DAMIMAS,train,4,2,3,2,2,1,1,7,12,12,18,0.6666666666666666,0
DAMIMAS_A21B_0119,DAMIMAS,train,4,3,8,4,9,3,3,0,0,10,20,0.5,0
DAMIMAS_A21B_0120,DAMIMAS,train,4,2,3,0,0,1,1,2,5,5,9,0.5555555555555556,0
DAMIMAS_A21B_0121,DAMIMAS,train,4,0,0,2,3,7,10,2,2,11,15,0.7333333333333333,0
DAMIMAS_A21B_0122,DAMIMAS,val,4,2,3,0,0,4,4,4,4,10,11,0.9090909090909091,1
DAMIMAS_A21B_0123,DAMIMAS,train,4,5,6,3,9,2,2,0,0,10,17,0.5882352941176471,0
DAMIMAS_A21B_0124,DAMIMAS,test,4,0,0,3,7,3,5,4,7,10,19,0.5263157894736842,0
DAMIMAS_A21B_0125,DAMIMAS,test,4,1,2,3,6,3,8,3,3,10,19,0.5263157894736842,0
DAMIMAS_A21B_0126,DAMIMAS,test,4,2,3,2,2,6,6,4,6,14,17,0.8235294117647058,0
DAMIMAS_A21B_0127,DAMIMAS,val,4,1,1,7,14,4,4,2,2,14,21,0.6666666666666666,0
DAMIMAS_A21B_0128,DAMIMAS,test,4,2,2,1,3,5,7,1,2,9,14,0.6428571428571429,0
DAMIMAS_A21B_0129,DAMIMAS,train,4,0,0,1,2,2,6,0,0,3,8,0.375,0
DAMIMAS_A21B_0130,DAMIMAS,test,4,2,2,1,2,1,2,8,9,12,15,0.8,0
DAMIMAS_A21B_0131,DAMIMAS,test,4,1,2,6,12,2,4,0,0,9,18,0.5,0
DAMIMAS_A21B_0132,DAMIMAS,train,4,3,5,0,0,1,1,5,10,9,16,0.5625,0
DAMIMAS_A21B_0133,DAMIMAS,train,4,0,0,0,0,8,15,2,2,10,17,0.5882352941176471,0
DAMIMAS_A21B_0134,DAMIMAS,train,4,0,0,3,4,4,7,5,5,12,16,0.75,0
DAMIMAS_A21B_0135,DAMIMAS,test,4,4,8,4,9,2,4,0,0,10,21,0.47619047619047616,0
DAMIMAS_A21B_0136,DAMIMAS,train,4,0,0,3,6,3,9,2,6,8,21,0.38095238095238093,0
DAMIMAS_A21B_0137,DAMIMAS,train,4,0,0,3,4,7,11,1,2,11,17,0.6470588235294118,0
DAMIMAS_A21B_0138,DAMIMAS,train,4,2,2,2,2,4,6,2,4,10,14,0.7142857142857143,0
DAMIMAS_A21B_0139,DAMIMAS,train,4,0,0,4,13,4,5,0,0,8,18,0.4444444444444444,0
DAMIMAS_A21B_0140,DAMIMAS,train,4,4,6,2,4,5,6,5,10,16,26,0.6153846153846154,0
DAMIMAS_A21B_0141,DAMIMAS,train,4,0,0,0,0,7,16,2,3,9,19,0.47368421052631576,0
DAMIMAS_A21B_0142,DAMIMAS,train,4,0,0,0,0,0,0,2,4,2,4,0.5,0
DAMIMAS_A21B_0143,DAMIMAS,train,4,0,0,3,9,2,7,1,2,6,18,0.3333333333333333,0
DAMIMAS_A21B_0144,DAMIMAS,train,4,1,2,3,7,2,2,3,7,9,18,0.5,0
DAMIMAS_A21B_0145,DAMIMAS,test,4,1,2,1,2,5,13,1,1,8,18,0.4444444444444444,0
DAMIMAS_A21B_0146,DAMIMAS,train,4,2,3,3,4,3,8,4,7,12,22,0.5454545454545454,0
DAMIMAS_A21B_0147,DAMIMAS,val,4,2,4,6,11,4,6,1,3,13,24,0.5416666666666666,0
DAMIMAS_A21B_0148,DAMIMAS,train,4,2,5,0,0,3,6,4,6,9,17,0.5294117647058824,0
DAMIMAS_A21B_0149,DAMIMAS,train,4,2,2,2,2,6,16,1,3,11,23,0.4782608695652174,0
DAMIMAS_A21B_0150,DAMIMAS,train,4,1,2,2,2,10,13,5,8,18,25,0.72,0
DAMIMAS_A21B_0151,DAMIMAS,train,4,1,2,5,13,3,7,1,1,10,23,0.43478260869565216,0
DAMIMAS_A21B_0152,DAMIMAS,train,4,1,4,4,6,3,4,4,9,12,23,0.5217391304347826,0
DAMIMAS_A21B_0153,DAMIMAS,val,4,0,0,0,0,6,15,1,1,7,16,0.4375,0
DAMIMAS_A21B_0154,DAMIMAS,train,4,1,1,2,3,5,7,11,15,19,26,0.7307692307692307,0
DAMIMAS_A21B_0155,DAMIMAS,train,4,2,3,6,14,4,4,1,2,13,23,0.5652173913043478,0
DAMIMAS_A21B_0156,DAMIMAS,train,4,2,3,2,2,4,6,5,7,13,18,0.7222222222222222,0
DAMIMAS_A21B_0157,DAMIMAS,train,4,1,1,4,6,9,14,3,5,17,26,0.6538461538461539,0
DAMIMAS_A21B_0158,DAMIMAS,val,4,1,2,1,2,2,7,3,6,7,17,0.4117647058823529,0
DAMIMAS_A21B_0159,DAMIMAS,train,4,1,1,1,1,1,2,3,5,6,9,0.6666666666666666,0
DAMIMAS_A21B_0160,DAMIMAS,train,4,3,3,2,4,4,5,1,1,10,13,0.7692307692307693,0
DAMIMAS_A21B_0161,DAMIMAS,test,4,0,0,1,1,9,19,2,4,12,24,0.5,0
DAMIMAS_A21B_0162,DAMIMAS,train,4,0,0,0,0,5,8,6,10,11,18,0.6111111111111112,0
DAMIMAS_A21B_0163,DAMIMAS,train,4,4,5,9,16,4,7,2,3,19,31,0.6129032258064516,0
DAMIMAS_A21B_0164,DAMIMAS,train,4,1,3,1,3,3,6,4,12,9,24,0.375,0
DAMIMAS_A21B_0165,DAMIMAS,train,4,1,2,4,5,5,12,2,4,12,23,0.5217391304347826,0
DAMIMAS_A21B_0166,DAMIMAS,train,4,1,4,1,1,7,10,3,3,12,18,0.6666666666666666,0
DAMIMAS_A21B_0167,DAMIMAS,test,4,4,5,6,10,5,6,1,1,16,22,0.7272727272727273,0
DAMIMAS_A21B_0168,DAMIMAS,train,4,1,3,4,6,3,4,9,11,17,24,0.7083333333333334,0
DAMIMAS_A21B_0169,DAMIMAS,train,4,1,1,2,2,8,20,3,5,14,28,0.5,0
DAMIMAS_A21B_0170,DAMIMAS,test,4,1,1,3,3,7,9,9,12,20,25,0.8,0
DAMIMAS_A21B_0171,DAMIMAS,test,4,0,0,5,10,3,3,0,0,8,13,0.6153846153846154,0
DAMIMAS_A21B_0172,DAMIMAS,test,4,2,2,2,5,4,5,3,8,11,20,0.55,0
DAMIMAS_A21B_0173,DAMIMAS,val,4,3,4,2,2,9,16,1,1,15,23,0.6521739130434783,0
DAMIMAS_A21B_0174,DAMIMAS,train,4,2,4,0,0,5,9,7,13,14,26,0.5384615384615384,0
DAMIMAS_A21B_0175,DAMIMAS,train,4,2,4,4,12,2,6,0,0,8,22,0.36363636363636365,0
DAMIMAS_A21B_0176,DAMIMAS,train,4,1,4,2,3,3,5,3,6,9,18,0.5,0
DAMIMAS_A21B_0177,DAMIMAS,train,4,0,0,4,5,12,13,3,4,19,22,0.8636363636363636,0
DAMIMAS_A21B_0178,DAMIMAS,test,4,1,2,3,3,2,5,6,9,12,19,0.631578947368421,0
DAMIMAS_A21B_0179,DAMIMAS,train,4,2,3,5,8,7,10,0,0,14,21,0.6666666666666666,0
DAMIMAS_A21B_0180,DAMIMAS,val,4,0,0,3,4,6,11,5,9,14,24,0.5833333333333334,0
DAMIMAS_A21B_0181,DAMIMAS,train,4,0,0,0,0,6,17,1,4,7,21,0.3333333333333333,0
DAMIMAS_A21B_0182,DAMIMAS,train,4,2,2,3,5,4,8,4,5,13,20,0.65,0
DAMIMAS_A21B_0183,DAMIMAS,train,4,1,3,6,13,4,7,1,1,12,24,0.5,0
DAMIMAS_A21B_0184,DAMIMAS,val,4,2,2,3,7,1,2,0,0,6,11,0.5454545454545454,0
DAMIMAS_A21B_0185,DAMIMAS,val,4,1,1,2,3,4,12,3,4,10,20,0.5,0
DAMIMAS_A21B_0186,DAMIMAS,train,4,4,4,1,1,7,9,1,1,13,15,0.8666666666666667,0
DAMIMAS_A21B_0187,DAMIMAS,test,4,2,2,3,4,1,1,0,0,6,7,0.8571428571428571,0
DAMIMAS_A21B_0188,DAMIMAS,train,4,2,4,0,0,2,2,3,5,7,11,0.6363636363636364,0
DAMIMAS_A21B_0189,DAMIMAS,train,4,3,5,2,3,1,2,0,0,6,10,0.6,0
DAMIMAS_A21B_0190,DAMIMAS,train,4,2,2,2,4,6,8,2,3,12,17,0.7058823529411765,0
DAMIMAS_A21B_0191,DAMIMAS,train,4,2,5,4,7,1,1,0,0,7,13,0.5384615384615384,0
DAMIMAS_A21B_0192,DAMIMAS,train,4,0,0,0,0,2,5,3,7,5,12,0.4166666666666667,0
DAMIMAS_A21B_0193,DAMIMAS,train,4,0,0,0,0,7,20,3,4,10,24,0.4166666666666667,0
DAMIMAS_A21B_0194,DAMIMAS,train,4,0,0,0,0,4,6,5,7,9,13,0.6923076923076923,0
DAMIMAS_A21B_0195,DAMIMAS,val,4,5,8,5,8,3,3,0,0,13,19,0.6842105263157895,0
DAMIMAS_A21B_0196,DAMIMAS,val,4,1,1,2,4,4,4,2,5,9,14,0.6428571428571429,0
DAMIMAS_A21B_0197,DAMIMAS,train,4,0,0,1,1,6,11,1,3,8,15,0.5333333333333333,0
DAMIMAS_A21B_0198,DAMIMAS,train,4,2,2,0,0,7,12,2,3,11,17,0.6470588235294118,0
DAMIMAS_A21B_0199,DAMIMAS,train,4,2,3,5,12,3,6,0,0,10,21,0.47619047619047616,0
DAMIMAS_A21B_0200,DAMIMAS,train,4,1,2,2,2,3,5,2,2,8,11,0.7272727272727273,0
DAMIMAS_A21B_0201,DAMIMAS,train,4,2,3,0,0,7,15,2,2,11,20,0.55,0
DAMIMAS_A21B_0202,DAMIMAS,train,4,2,2,1,1,3,5,1,1,7,9,0.7777777777777778,0
DAMIMAS_A21B_0203,DAMIMAS,train,4,0,0,8,12,1,1,0,0,9,13,0.6923076923076923,0
DAMIMAS_A21B_0204,DAMIMAS,val,4,3,5,3,4,4,6,3,4,13,19,0.6842105263157895,0
DAMIMAS_A21B_0205,DAMIMAS,train,4,0,0,1,1,6,14,0,0,7,15,0.4666666666666667,0
DAMIMAS_A21B_0206,DAMIMAS,val,4,0,0,3,5,10,15,1,1,14,21,0.6666666666666666,0
DAMIMAS_A21B_0207,DAMIMAS,test,4,4,7,4,9,2,4,0,0,10,20,0.5,0
DAMIMAS_A21B_0208,DAMIMAS,test,4,3,3,3,6,2,6,4,7,12,22,0.5454545454545454,0
DAMIMAS_A21B_0209,DAMIMAS,train,4,0,0,3,3,6,12,1,1,10,16,0.625,0
DAMIMAS_A21B_0210,DAMIMAS,train,4,2,3,2,2,5,7,4,6,13,18,0.7222222222222222,0
DAMIMAS_A21B_0211,DAMIMAS,train,4,4,6,7,12,4,5,1,1,16,24,0.6666666666666666,0
DAMIMAS_A21B_0212,DAMIMAS,train,4,2,3,1,2,2,6,3,5,8,16,0.5,0
DAMIMAS_A21B_0213,DAMIMAS,train,4,0,0,2,2,12,18,0,0,14,20,0.7,0
DAMIMAS_A21B_0214,DAMIMAS,train,4,2,2,1,1,3,8,6,9,12,20,0.6,0
DAMIMAS_A21B_0215,DAMIMAS,test,4,3,7,2,7,3,4,0,0,8,18,0.4444444444444444,0
DAMIMAS_A21B_0216,DAMIMAS,train,4,2,5,4,5,3,5,4,5,13,20,0.65,0
DAMIMAS_A21B_0217,DAMIMAS,val,4,4,6,2,2,10,13,0,0,16,21,0.7619047619047619,0
DAMIMAS_A21B_0218,DAMIMAS,train,4,1,1,2,2,3,5,7,11,13,19,0.6842105263157895,0
DAMIMAS_A21B_0219,DAMIMAS,train,4,2,5,5,11,3,3,0,0,10,19,0.5263157894736842,0
DAMIMAS_A21B_0220,DAMIMAS,train,4,2,2,2,3,3,3,1,1,8,9,0.8888888888888888,0
DAMIMAS_A21B_0221,DAMIMAS,train,4,4,6,5,6,7,12,1,1,17,25,0.68,0
DAMIMAS_A21B_0222,DAMIMAS,test,4,2,2,2,2,6,8,5,8,15,20,0.75,0
DAMIMAS_A21B_0223,DAMIMAS,train,4,3,3,4,9,3,4,0,0,10,16,0.625,0
DAMIMAS_A21B_0224,DAMIMAS,train,4,4,6,2,2,4,7,3,5,13,20,0.65,0
DAMIMAS_A21B_0225,DAMIMAS,train,4,1,2,1,2,4,6,0,0,6,10,0.6,0
DAMIMAS_A21B_0226,DAMIMAS,train,4,0,0,0,0,10,12,2,3,12,15,0.8,0
DAMIMAS_A21B_0227,DAMIMAS,val,4,1,3,0,0,0,0,1,4,2,7,0.2857142857142857,1
DAMIMAS_A21B_0228,DAMIMAS,train,4,3,4,3,4,4,4,3,5,13,17,0.7647058823529411,0
DAMIMAS_A21B_0229,DAMIMAS,train,4,2,4,1,1,5,15,0,0,8,20,0.4,0
DAMIMAS_A21B_0230,DAMIMAS,train,4,0,0,0,0,0,0,0,0,0,0,0.0,1
DAMIMAS_A21B_0231,DAMIMAS,train,4,0,0,3,10,3,5,0,0,6,15,0.4,0
DAMIMAS_A21B_0232,DAMIMAS,train,4,0,0,0,0,3,4,3,4,6,8,0.75,0
DAMIMAS_A21B_0233,DAMIMAS,test,4,0,0,1,1,10,18,1,1,12,20,0.6,0
DAMIMAS_A21B_0234,DAMIMAS,train,4,0,0,0,0,4,5,4,9,8,14,0.5714285714285714,0
DAMIMAS_A21B_0235,DAMIMAS,train,4,2,4,7,13,1,4,1,2,11,23,0.4782608695652174,0
DAMIMAS_A21B_0236,DAMIMAS,train,4,1,1,5,9,4,6,6,7,16,23,0.6956521739130435,0
DAMIMAS_A21B_0237,DAMIMAS,train,4,3,5,1,1,6,11,1,3,11,20,0.55,0
DAMIMAS_A21B_0238,DAMIMAS,train,4,3,4,2,2,7,9,4,4,16,19,0.8421052631578947,0
DAMIMAS_A21B_0239,DAMIMAS,val,4,2,5,4,10,1,1,0,0,7,16,0.4375,0
DAMIMAS_A21B_0240,DAMIMAS,train,4,0,0,4,7,3,4,2,3,9,14,0.6428571428571429,0
DAMIMAS_A21B_0241,DAMIMAS,val,4,1,3,2,3,4,8,0,0,7,14,0.5,0
DAMIMAS_A21B_0242,DAMIMAS,train,4,0,0,4,4,7,9,2,3,13,16,0.8125,0
DAMIMAS_A21B_0243,DAMIMAS,val,4,3,3,10,11,6,7,1,1,20,22,0.9090909090909091,1
DAMIMAS_A21B_0284,DAMIMAS,test,4,1,3,2,4,2,4,3,5,8,16,0.5,0
DAMIMAS_A21B_0285,DAMIMAS,train,4,3,7,2,4,7,15,2,6,14,32,0.4375,0
DAMIMAS_A21B_0286,DAMIMAS,train,4,2,2,4,5,8,10,2,2,16,19,0.8421052631578947,0
DAMIMAS_A21B_0287,DAMIMAS,train,4,3,6,2,8,0,0,0,0,5,14,0.35714285714285715,0
DAMIMAS_A21B_0288,DAMIMAS,test,4,1,1,4,7,3,6,3,6,11,20,0.55,0
DAMIMAS_A21B_0289,DAMIMAS,val,4,3,3,2,3,5,8,0,0,10,14,0.7142857142857143,0
DAMIMAS_A21B_0290,DAMIMAS,train,4,0,0,0,0,7,14,0,0,7,14,0.5,0
DAMIMAS_A21B_0291,DAMIMAS,train,4,4,4,8,10,6,6,2,2,20,22,0.9090909090909091,1
DAMIMAS_A21B_0292,DAMIMAS,train,4,0,0,5,9,6,6,3,6,14,21,0.6666666666666666,0
DAMIMAS_A21B_0293,DAMIMAS,train,4,0,0,5,5,7,11,2,2,14,18,0.7777777777777778,0
DAMIMAS_A21B_0294,DAMIMAS,test,4,0,0,4,5,9,14,3,4,16,23,0.6956521739130435,0
DAMIMAS_A21B_0295,DAMIMAS,train,4,0,0,9,12,2,3,2,2,13,17,0.7647058823529411,0
DAMIMAS_A21B_0296,DAMIMAS,test,4,2,2,5,5,3,3,2,2,12,12,1.0,1
DAMIMAS_A21B_0297,DAMIMAS,train,4,0,0,1,1,9,13,3,3,13,17,0.7647058823529411,0
DAMIMAS_A21B_0298,DAMIMAS,train,4,3,4,0,0,7,13,3,5,13,22,0.5909090909090909,0
DAMIMAS_A21B_0299,DAMIMAS,train,4,3,3,8,10,3,5,0,0,14,18,0.7777777777777778,0
DAMIMAS_A21B_0300,DAMIMAS,train,4,1,1,4,4,4,5,3,3,12,13,0.9230769230769231,1
DAMIMAS_A21B_0301,DAMIMAS,train,4,1,1,5,5,7,11,2,3,15,20,0.75,0
DAMIMAS_A21B_0302,DAMIMAS,test,4,2,2,1,2,8,11,0,0,11,15,0.7333333333333333,0
DAMIMAS_A21B_0303,DAMIMAS,train,4,2,2,7,15,3,4,0,0,12,21,0.5714285714285714,0
DAMIMAS_A21B_0304,DAMIMAS,test,4,0,0,5,6,4,4,6,8,15,18,0.8333333333333334,0
DAMIMAS_A21B_0305,DAMIMAS,train,4,4,4,4,5,7,13,2,3,17,25,0.68,0
DAMIMAS_A21B_0306,DAMIMAS,train,4,1,2,2,2,3,5,0,0,6,9,0.6666666666666666,0
DAMIMAS_A21B_0307,DAMIMAS,train,4,1,2,4,9,1,3,0,0,6,14,0.42857142857142855,0
DAMIMAS_A21B_0308,DAMIMAS,val,4,2,2,3,3,2,5,3,5,10,15,0.6666666666666666,0
DAMIMAS_A21B_0309,DAMIMAS,train,4,3,3,2,3,4,9,1,3,10,18,0.5555555555555556,0
DAMIMAS_A21B_0310,DAMIMAS,train,4,3,3,0,0,11,16,1,1,15,20,0.75,0
DAMIMAS_A21B_0311,DAMIMAS,val,4,2,2,2,7,0,0,0,0,4,9,0.4444444444444444,0
DAMIMAS_A21B_0312,DAMIMAS,train,4,1,2,4,7,2,4,2,5,9,18,0.5,0
DAMIMAS_A21B_0313,DAMIMAS,train,4,2,3,1,4,5,12,1,4,9,23,0.391304347826087,0
DAMIMAS_A21B_0314,DAMIMAS,train,4,0,0,2,4,5,13,3,5,10,22,0.45454545454545453,0
DAMIMAS_A21B_0315,DAMIMAS,train,4,1,2,4,11,5,10,0,0,10,23,0.43478260869565216,0
DAMIMAS_A21B_0316,DAMIMAS,train,4,2,4,3,6,4,6,3,8,12,24,0.5,0
DAMIMAS_A21B_0317,DAMIMAS,train,4,0,0,4,4,7,10,0,0,11,14,0.7857142857142857,0
DAMIMAS_A21B_0318,DAMIMAS,train,4,0,0,0,0,7,16,4,5,11,21,0.5238095238095238,0
DAMIMAS_A21B_0319,DAMIMAS,train,4,0,0,4,9,2,6,0,0,6,15,0.4,0
DAMIMAS_A21B_0320,DAMIMAS,train,4,4,6,4,6,4,6,3,5,15,23,0.6521739130434783,0
DAMIMAS_A21B_0321,DAMIMAS,test,4,3,5,4,4,5,9,3,3,15,21,0.7142857142857143,0
DAMIMAS_A21B_0322,DAMIMAS,train,4,0,0,0,0,0,0,0,0,0,0,0.0,1
DAMIMAS_A21B_0323,DAMIMAS,test,4,0,0,7,11,2,2,0,0,9,13,0.6923076923076923,0
DAMIMAS_A21B_0324,DAMIMAS,train,4,0,0,5,7,3,5,1,2,9,14,0.6428571428571429,0
DAMIMAS_A21B_0325,DAMIMAS,test,4,0,0,4,6,5,8,1,3,10,17,0.5882352941176471,0
DAMIMAS_A21B_0326,DAMIMAS,train,4,0,0,0,0,6,8,2,2,8,10,0.8,0
DAMIMAS_A21B_0327,DAMIMAS,train,4,1,3,3,4,3,4,0,0,7,11,0.6363636363636364,0
DAMIMAS_A21B_0328,DAMIMAS,train,4,0,0,4,5,5,5,2,4,11,14,0.7857142857142857,0
DAMIMAS_A21B_0329,DAMIMAS,train,4,2,4,1,1,1,1,0,0,4,6,0.6666666666666666,0
DAMIMAS_A21B_0330,DAMIMAS,val,4,3,4,2,2,9,14,1,1,15,21,0.7142857142857143,0
DAMIMAS_A21B_0331,DAMIMAS,test,4,0,0,6,13,1,4,0,0,7,17,0.4117647058823529,0
DAMIMAS_A21B_0332,DAMIMAS,train,4,0,0,0,0,4,5,4,6,8,11,0.7272727272727273,0
DAMIMAS_A21B_0333,DAMIMAS,train,4,1,2,1,1,3,5,0,0,5,8,0.625,0
DAMIMAS_A21B_0334,DAMIMAS,train,4,3,4,0,0,8,10,5,7,16,21,0.7619047619047619,0
DAMIMAS_A21B_0335,DAMIMAS,train,4,4,7,3,6,0,0,0,0,7,13,0.5384615384615384,0
DAMIMAS_A21B_0336,DAMIMAS,train,4,2,4,1,2,6,10,4,6,13,22,0.5909090909090909,0
DAMIMAS_A21B_0337,DAMIMAS,train,4,0,0,1,1,6,11,3,4,10,16,0.625,0
DAMIMAS_A21B_0338,DAMIMAS,val,4,0,0,0,0,7,10,5,8,12,18,0.6666666666666666,0
DAMIMAS_A21B_0339,DAMIMAS,train,4,1,4,3,6,3,3,0,0,7,13,0.5384615384615384,0
DAMIMAS_A21B_0340,DAMIMAS,train,4,2,2,1,2,2,3,2,2,7,9,0.7777777777777778,0
DAMIMAS_A21B_0341,DAMIMAS,train,4,0,0,2,5,5,13,1,2,8,20,0.4,0
DAMIMAS_A21B_0342,DAMIMAS,val,4,2,3,2,3,7,10,7,12,18,28,0.6428571428571429,0
DAMIMAS_A21B_0343,DAMIMAS,train,4,3,4,5,8,3,6,0,0,11,18,0.6111111111111112,0
DAMIMAS_A21B_0344,DAMIMAS,val,4,0,0,3,7,3,6,5,8,11,21,0.5238095238095238,0
DAMIMAS_A21B_0345,DAMIMAS,train,4,1,2,2,4,6,7,2,2,11,15,0.7333333333333333,0
DAMIMAS_A21B_0346,DAMIMAS,test,4,2,3,1,2,4,10,4,8,11,23,0.4782608695652174,0
DAMIMAS_A21B_0347,DAMIMAS,train,4,3,5,3,8,2,4,1,1,9,18,0.5,0
DAMIMAS_A21B_0348,DAMIMAS,test,4,2,5,2,3,2,5,5,8,11,21,0.5238095238095238,0
DAMIMAS_A21B_0349,DAMIMAS,val,4,1,1,2,2,2,2,3,4,8,9,0.8888888888888888,0
DAMIMAS_A21B_0350,DAMIMAS,train,4,3,3,1,2,3,5,0,0,7,10,0.7,0
DAMIMAS_A21B_0351,DAMIMAS,train,4,3,4,6,10,6,10,1,1,16,25,0.64,0
DAMIMAS_A21B_0352,DAMIMAS,train,4,3,4,3,5,4,7,6,9,16,25,0.64,0
DAMIMAS_A21B_0353,DAMIMAS,train,4,2,5,3,4,4,9,0,0,9,18,0.5,0
DAMIMAS_A21B_0354,DAMIMAS,train,4,2,2,3,4,16,25,1,1,22,32,0.6875,0
DAMIMAS_A21B_0355,DAMIMAS,test,4,2,5,5,9,5,8,2,2,14,24,0.5833333333333334,0
DAMIMAS_A21B_0356,DAMIMAS,train,4,2,5,2,5,2,5,2,4,8,19,0.42105263157894735,0
DAMIMAS_A21B_0357,DAMIMAS,train,4,0,0,2,4,9,15,2,3,13,22,0.5909090909090909,0
DAMIMAS_A21B_0358,DAMIMAS,train,4,2,2,1,2,7,14,4,10,14,28,0.5,0
DAMIMAS_A21B_0359,DAMIMAS,val,4,4,6,3,5,6,9,2,2,15,22,0.6818181818181818,0
DAMIMAS_A21B_0360,DAMIMAS,train,4,5,9,3,4,4,6,5,11,17,30,0.5666666666666667,0
DAMIMAS_A21B_0361,DAMIMAS,train,4,3,4,3,4,8,10,5,6,19,24,0.7916666666666666,0
DAMIMAS_A21B_0362,DAMIMAS,train,4,2,2,2,2,8,16,3,6,15,26,0.5769230769230769,0
DAMIMAS_A21B_0363,DAMIMAS,train,4,0,0,4,11,1,2,2,2,7,15,0.4666666666666667,0
DAMIMAS_A21B_0364,DAMIMAS,train,4,2,4,5,9,4,9,4,5,15,27,0.5555555555555556,0
DAMIMAS_A21B_0365,DAMIMAS,train,4,2,2,4,5,8,16,3,4,17,27,0.6296296296296297,0
DAMIMAS_A21B_0366,DAMIMAS,train,4,0,0,0,0,5,11,3,4,8,15,0.5333333333333333,0
DAMIMAS_A21B_0367,DAMIMAS,train,4,1,1,6,8,5,8,2,2,14,19,0.7368421052631579,0
DAMIMAS_A21B_0368,DAMIMAS,train,4,5,8,1,3,4,10,3,8,13,29,0.4482758620689655,0
DAMIMAS_A21B_0369,DAMIMAS,train,4,2,2,2,2,4,7,1,3,9,14,0.6428571428571429,0
DAMIMAS_A21B_0370,DAMIMAS,val,4,2,4,1,1,5,9,2,4,10,18,0.5555555555555556,0
DAMIMAS_A21B_0371,DAMIMAS,train,4,2,2,4,8,9,11,0,0,15,21,0.7142857142857143,0
DAMIMAS_A21B_0372,DAMIMAS,val,4,3,4,3,4,2,4,5,7,13,19,0.6842105263157895,0
DAMIMAS_A21B_0373,DAMIMAS,train,4,3,6,3,3,5,10,2,3,13,22,0.5909090909090909,0
DAMIMAS_A21B_0374,DAMIMAS,train,4,2,2,2,2,8,15,7,9,19,28,0.6785714285714286,0
DAMIMAS_A21B_0375,DAMIMAS,val,4,2,3,5,9,4,8,0,0,11,20,0.55,0
DAMIMAS_A21B_0376,DAMIMAS,train,4,2,2,4,4,4,7,3,6,13,19,0.6842105263157895,0
DAMIMAS_A21B_0377,DAMIMAS,train,4,1,1,0,0,8,13,1,1,10,15,0.6666666666666666,0
DAMIMAS_A21B_0378,DAMIMAS,test,4,3,5,2,3,6,11,4,7,15,26,0.5769230769230769,0
DAMIMAS_A21B_0379,DAMIMAS,train,4,2,4,2,5,0,0,0,0,4,9,0.4444444444444444,0
DAMIMAS_A21B_0380,DAMIMAS,test,4,3,3,4,7,2,3,4,10,13,23,0.5652173913043478,0
DAMIMAS_A21B_0381,DAMIMAS,test,4,3,6,0,0,5,11,3,5,11,22,0.5,0
DAMIMAS_A21B_0382,DAMIMAS,train,4,1,4,2,2,4,8,7,14,14,28,0.5,0
DAMIMAS_A21B_0383,DAMIMAS,train,4,3,4,7,10,5,8,1,2,16,24,0.6666666666666666,0
DAMIMAS_A21B_0384,DAMIMAS,train,4,3,4,5,8,4,6,4,7,16,25,0.64,0
DAMIMAS_A21B_0385,DAMIMAS,test,4,2,2,4,4,6,14,3,6,15,26,0.5769230769230769,0
DAMIMAS_A21B_0386,DAMIMAS,train,4,0,0,3,3,2,4,0,0,5,7,0.7142857142857143,0
DAMIMAS_A21B_0387,DAMIMAS,train,4,2,5,5,9,1,1,0,0,8,15,0.5333333333333333,0
DAMIMAS_A21B_0388,DAMIMAS,val,4,1,2,3,6,2,6,2,5,8,19,0.42105263157894735,0
DAMIMAS_A21B_0389,DAMIMAS,train,4,1,1,3,4,7,16,1,4,12,25,0.48,0
DAMIMAS_A21B_0390,DAMIMAS,val,4,2,2,4,5,8,11,8,12,22,30,0.7333333333333333,0
DAMIMAS_A21B_0391,DAMIMAS,val,4,2,4,6,11,1,1,0,0,9,16,0.5625,0
DAMIMAS_A21B_0392,DAMIMAS,val,4,2,4,2,8,2,6,2,5,8,23,0.34782608695652173,0
DAMIMAS_A21B_0393,DAMIMAS,train,4,2,2,4,6,8,13,2,3,16,24,0.6666666666666666,0
DAMIMAS_A21B_0394,DAMIMAS,train,4,1,3,2,3,7,9,5,10,15,25,0.6,0
DAMIMAS_A21B_0395,DAMIMAS,train,4,5,6,7,10,4,5,0,0,16,21,0.7619047619047619,0
DAMIMAS_A21B_0396,DAMIMAS,train,4,2,6,3,7,3,7,3,5,11,25,0.44,0
DAMIMAS_A21B_0397,DAMIMAS,train,4,2,2,2,3,8,11,3,3,15,19,0.7894736842105263,0
DAMIMAS_A21B_0398,DAMIMAS,val,4,2,4,3,4,4,12,2,5,11,25,0.44,0
DAMIMAS_A21B_0399,DAMIMAS,train,4,3,6,3,7,2,3,1,1,9,17,0.5294117647058824,0
DAMIMAS_A21B_0400,DAMIMAS,val,4,0,0,4,9,2,2,5,8,11,19,0.5789473684210527,0
DAMIMAS_A21B_0401,DAMIMAS,val,4,0,0,0,0,8,13,2,3,10,16,0.625,0
DAMIMAS_A21B_0402,DAMIMAS,test,4,0,0,1,1,5,12,2,5,8,18,0.4444444444444444,0
DAMIMAS_A21B_0403,DAMIMAS,train,4,2,4,5,9,5,8,2,3,14,24,0.5833333333333334,0
DAMIMAS_A21B_0404,DAMIMAS,val,4,5,7,3,4,2,4,0,0,10,15,0.6666666666666666,0
DAMIMAS_A21B_0405,DAMIMAS,train,4,1,1,3,4,4,7,1,1,9,13,0.6923076923076923,0
DAMIMAS_A21B_0406,DAMIMAS,train,4,1,2,1,1,7,10,3,4,12,17,0.7058823529411765,0
DAMIMAS_A21B_0407,DAMIMAS,val,4,1,3,2,8,3,10,2,2,8,23,0.34782608695652173,0
DAMIMAS_A21B_0408,DAMIMAS,train,4,4,6,5,8,6,7,0,0,15,21,0.7142857142857143,0
DAMIMAS_A21B_0409,DAMIMAS,test,4,2,5,1,1,6,9,0,0,9,15,0.6,0
DAMIMAS_A21B_0410,DAMIMAS,train,4,3,5,1,2,9,18,4,6,17,31,0.5483870967741935,0
DAMIMAS_A21B_0411,DAMIMAS,test,4,2,4,5,10,5,9,0,0,12,23,0.5217391304347826,0
DAMIMAS_A21B_0412,DAMIMAS,train,4,2,2,7,9,2,4,1,1,12,16,0.75,0
DAMIMAS_A21B_0413,DAMIMAS,train,4,2,2,2,3,8,14,3,7,15,26,0.5769230769230769,0
DAMIMAS_A21B_0414,DAMIMAS,train,4,0,0,0,0,7,13,0,0,7,13,0.5384615384615384,0
DAMIMAS_A21B_0415,DAMIMAS,val,4,2,3,3,9,3,9,0,0,8,21,0.38095238095238093,0
DAMIMAS_A21B_0416,DAMIMAS,train,4,2,3,4,8,4,9,2,5,12,25,0.48,0
DAMIMAS_A21B_0417,DAMIMAS,val,4,2,3,1,4,8,13,3,5,14,25,0.56,0
DAMIMAS_A21B_0418,DAMIMAS,train,4,0,0,2,2,5,13,6,12,13,27,0.48148148148148145,0
DAMIMAS_A21B_0419,DAMIMAS,test,4,0,0,4,10,5,10,2,3,11,23,0.4782608695652174,0
DAMIMAS_A21B_0420,DAMIMAS,val,4,0,0,2,5,1,1,0,0,3,6,0.5,0
DAMIMAS_A21B_0421,DAMIMAS,train,4,0,0,0,0,0,0,0,0,0,0,0.0,1
DAMIMAS_A21B_0422,DAMIMAS,val,4,2,3,0,0,4,8,5,10,11,21,0.5238095238095238,0
DAMIMAS_A21B_0423,DAMIMAS,train,4,2,3,6,9,5,7,3,3,16,22,0.7272727272727273,0
DAMIMAS_A21B_0424,DAMIMAS,train,4,3,6,2,2,4,7,0,0,9,15,0.6,0
DAMIMAS_A21B_0425,DAMIMAS,train,4,0,0,4,5,7,13,2,2,13,20,0.65,0
DAMIMAS_A21B_0426,DAMIMAS,train,4,0,0,0,0,8,13,2,4,10,17,0.5882352941176471,0
DAMIMAS_A21B_0427,DAMIMAS,train,4,1,1,7,14,7,10,1,1,16,26,0.6153846153846154,0
DAMIMAS_A21B_0428,DAMIMAS,val,4,3,6,2,5,3,7,5,9,13,27,0.48148148148148145,0
DAMIMAS_A21B_0429,DAMIMAS,train,4,3,4,6,7,11,16,8,9,28,36,0.7777777777777778,1
DAMIMAS_A21B_0430,DAMIMAS,train,4,0,0,1,2,7,14,4,6,12,22,0.5454545454545454,0
DAMIMAS_A21B_0431,DAMIMAS,train,4,0,0,5,7,5,7,0,0,10,14,0.7142857142857143,0
DAMIMAS_A21B_0432,DAMIMAS,test,4,0,0,2,5,4,7,2,2,8,14,0.5714285714285714,0
DAMIMAS_A21B_0433,DAMIMAS,train,4,2,5,1,1,8,14,0,0,11,20,0.55,0
DAMIMAS_A21B_0434,DAMIMAS,train,4,0,0,4,5,9,14,4,5,17,24,0.7083333333333334,0
DAMIMAS_A21B_0435,DAMIMAS,train,4,2,5,2,6,1,4,0,0,5,15,0.3333333333333333,0
DAMIMAS_A21B_0436,DAMIMAS,train,4,3,3,4,7,3,5,4,6,14,21,0.6666666666666666,0
DAMIMAS_A21B_0437,DAMIMAS,train,4,4,4,4,5,9,12,6,6,23,27,0.8518518518518519,0
DAMIMAS_A21B_0438,DAMIMAS,val,4,0,0,0,0,9,13,9,14,18,27,0.6666666666666666,0
DAMIMAS_A21B_0439,DAMIMAS,train,4,1,1,4,8,1,1,0,0,6,10,0.6,0
DAMIMAS_A21B_0440,DAMIMAS,train,4,0,0,4,7,5,10,2,6,11,23,0.4782608695652174,0
DAMIMAS_A21B_0441,DAMIMAS,train,4,1,2,3,4,6,13,2,2,12,21,0.5714285714285714,0
DAMIMAS_A21B_0442,DAMIMAS,test,4,0,0,1,2,5,10,5,11,11,23,0.4782608695652174,0
DAMIMAS_A21B_0443,DAMIMAS,train,4,1,2,5,8,5,8,2,2,13,20,0.65,0
DAMIMAS_A21B_0444,DAMIMAS,test,4,2,4,1,1,4,5,6,6,13,16,0.8125,0
DAMIMAS_A21B_0445,DAMIMAS,train,4,2,3,3,3,3,8,1,4,9,18,0.5,0
DAMIMAS_A21B_0446,DAMIMAS,train,4,1,3,2,3,5,11,2,2,10,19,0.5263157894736842,0
DAMIMAS_A21B_0447,DAMIMAS,train,4,0,0,3,10,3,9,2,4,8,23,0.34782608695652173,0
DAMIMAS_A21B_0448,DAMIMAS,train,4,2,2,4,5,4,7,2,4,12,18,0.6666666666666666,0
DAMIMAS_A21B_0449,DAMIMAS,test,4,0,0,4,5,10,17,1,1,15,23,0.6521739130434783,0
DAMIMAS_A21B_0450,DAMIMAS,train,4,1,2,1,2,3,10,4,11,9,25,0.36,0
DAMIMAS_A21B_0451,DAMIMAS,train,4,2,2,5,8,3,5,1,2,11,17,0.6470588235294118,0
DAMIMAS_A21B_0452,DAMIMAS,train,4,5,8,1,1,3,5,5,8,14,22,0.6363636363636364,0
DAMIMAS_A21B_0453,DAMIMAS,train,4,2,2,2,3,10,12,2,2,16,19,0.8421052631578947,0
DAMIMAS_A21B_0454,DAMIMAS,train,4,0,0,2,5,6,8,7,10,15,23,0.6521739130434783,0
DAMIMAS_A21B_0455,DAMIMAS,val,4,0,0,5,11,4,8,2,2,11,21,0.5238095238095238,0
DAMIMAS_A21B_0456,DAMIMAS,test,4,2,5,1,3,4,6,3,6,10,20,0.5,0
DAMIMAS_A21B_0457,DAMIMAS,train,4,2,3,4,4,8,14,3,5,17,26,0.6538461538461539,0
DAMIMAS_A21B_0458,DAMIMAS,train,4,0,0,2,4,5,11,4,6,11,21,0.5238095238095238,0
DAMIMAS_A21B_0459,DAMIMAS,train,4,3,6,3,9,1,3,0,0,7,18,0.3888888888888889,0
DAMIMAS_A21B_0460,DAMIMAS,train,4,3,4,3,6,3,8,3,6,12,24,0.5,0
DAMIMAS_A21B_0461,DAMIMAS,val,4,0,0,2,4,9,14,0,0,11,18,0.6111111111111112,0
DAMIMAS_A21B_0462,DAMIMAS,train,4,3,6,0,0,6,11,2,3,11,20,0.55,0
DAMIMAS_A21B_0463,DAMIMAS,train,4,2,3,4,9,5,7,1,1,12,20,0.6,0
DAMIMAS_A21B_0464,DAMIMAS,train,4,2,5,2,3,1,4,2,3,7,15,0.4666666666666667,0
DAMIMAS_A21B_0465,DAMIMAS,train,4,3,5,3,3,4,4,1,1,11,13,0.8461538461538461,0
DAMIMAS_A21B_0466,DAMIMAS,train,4,0,0,0,0,4,8,2,3,6,11,0.5454545454545454,0
DAMIMAS_A21B_0467,DAMIMAS,train,4,2,3,6,8,3,5,1,1,12,17,0.7058823529411765,0
DAMIMAS_A21B_0468,DAMIMAS,train,4,2,4,2,2,4,7,4,7,12,20,0.6,0
DAMIMAS_A21B_0469,DAMIMAS,train,4,0,0,2,5,4,11,1,4,7,20,0.35,0
DAMIMAS_A21B_0470,DAMIMAS,train,4,3,4,5,7,5,6,3,5,16,22,0.7272727272727273,0
DAMIMAS_A21B_0471,DAMIMAS,val,4,2,3,4,10,4,10,3,3,13,26,0.5,0
DAMIMAS_A21B_0472,DAMIMAS,val,4,0,0,4,8,4,7,4,9,12,24,0.5,0
DAMIMAS_A21B_0473,DAMIMAS,train,4,3,3,1,2,4,6,0,0,8,11,0.7272727272727273,0
DAMIMAS_A21B_0474,DAMIMAS,train,4,2,4,3,4,5,8,4,6,14,22,0.6363636363636364,0
DAMIMAS_A21B_0475,DAMIMAS,test,4,0,0,4,11,2,6,2,2,8,19,0.42105263157894735,0
DAMIMAS_A21B_0476,DAMIMAS,train,4,0,0,3,6,3,7,2,3,8,16,0.5,0
DAMIMAS_A21B_0477,DAMIMAS,val,4,0,0,0,0,5,9,1,1,6,10,0.6,0
DAMIMAS_A21B_0478,DAMIMAS,train,4,2,6,2,3,5,8,4,10,13,27,0.48148148148148145,0
DAMIMAS_A21B_0479,DAMIMAS,val,4,1,1,4,9,3,7,2,3,10,20,0.5,0
DAMIMAS_A21B_0480,DAMIMAS,train,4,3,3,3,5,5,6,5,9,16,23,0.6956521739130435,0
DAMIMAS_A21B_0481,DAMIMAS,train,4,1,1,3,3,4,8,1,1,9,13,0.6923076923076923,0
DAMIMAS_A21B_0482,DAMIMAS,train,4,2,2,4,5,5,7,10,10,21,24,0.875,0
DAMIMAS_A21B_0483,DAMIMAS,train,4,3,4,6,9,4,5,2,2,15,20,0.75,0
DAMIMAS_A21B_0484,DAMIMAS,train,4,1,2,5,7,2,4,3,5,11,18,0.6111111111111112,0
DAMIMAS_A21B_0485,DAMIMAS,val,4,2,2,2,4,7,11,2,3,13,20,0.65,0
DAMIMAS_A21B_0486,DAMIMAS,train,4,0,0,3,4,4,10,3,8,10,22,0.45454545454545453,0
DAMIMAS_A21B_0487,DAMIMAS,train,4,0,0,4,10,3,9,1,1,8,20,0.4,0
DAMIMAS_A21B_0488,DAMIMAS,train,4,0,0,6,7,5,5,5,5,16,17,0.9411764705882353,1
DAMIMAS_A21B_0489,DAMIMAS,val,4,0,0,0,0,10,17,2,3,12,20,0.6,0
DAMIMAS_A21B_0490,DAMIMAS,test,4,4,7,1,1,6,9,7,10,18,27,0.6666666666666666,0
DAMIMAS_A21B_0491,DAMIMAS,train,4,3,5,3,8,3,7,0,0,9,20,0.45,0
DAMIMAS_A21B_0492,DAMIMAS,test,4,2,3,3,5,5,6,2,5,12,19,0.631578947368421,0
DAMIMAS_A21B_0493,DAMIMAS,train,4,2,2,5,7,5,6,3,4,15,19,0.7894736842105263,0
DAMIMAS_A21B_0494,DAMIMAS,train,4,4,4,1,3,6,7,7,12,18,26,0.6923076923076923,0
DAMIMAS_A21B_0495,DAMIMAS,train,4,1,2,3,9,3,7,0,0,7,18,0.3888888888888889,0
DAMIMAS_A21B_0496,DAMIMAS,train,4,1,3,2,5,2,4,3,7,8,19,0.42105263157894735,0
DAMIMAS_A21B_0497,DAMIMAS,test,4,1,2,2,5,6,15,3,4,12,26,0.46153846153846156,0
DAMIMAS_A21B_0498,DAMIMAS,train,4,3,7,2,2,5,5,9,14,19,28,0.6785714285714286,0
DAMIMAS_A21B_0499,DAMIMAS,train,4,1,4,2,8,3,8,1,3,7,23,0.30434782608695654,0
DAMIMAS_A21B_0500,DAMIMAS,train,4,3,4,2,5,3,7,2,3,10,19,0.5263157894736842,0
DAMIMAS_A21B_0501,DAMIMAS,train,4,1,2,3,6,7,14,2,3,13,25,0.52,0
DAMIMAS_A21B_0502,DAMIMAS,train,4,0,0,2,6,5,11,3,11,10,28,0.35714285714285715,0
DAMIMAS_A21B_0503,DAMIMAS,train,4,1,3,5,10,5,9,2,5,13,27,0.48148148148148145,0
DAMIMAS_A21B_0504,DAMIMAS,val,4,1,2,5,7,3,3,7,9,16,21,0.7619047619047619,0
DAMIMAS_A21B_0505,DAMIMAS,test,4,1,2,0,0,9,14,4,5,14,21,0.6666666666666666,0
DAMIMAS_A21B_0506,DAMIMAS,train,4,3,6,1,3,5,11,6,13,15,33,0.45454545454545453,0
DAMIMAS_A21B_0507,DAMIMAS,train,4,0,0,5,9,5,8,0,0,10,17,0.5882352941176471,0
DAMIMAS_A21B_0508,DAMIMAS,train,4,1,2,4,10,4,8,2,2,11,22,0.5,0
DAMIMAS_A21B_0509,DAMIMAS,train,4,1,1,2,3,7,11,2,2,12,17,0.7058823529411765,0
DAMIMAS_A21B_0510,DAMIMAS,test,4,0,0,1,2,10,15,4,6,15,23,0.6521739130434783,0
DAMIMAS_A21B_0511,DAMIMAS,train,4,5,7,7,8,5,6,1,1,18,22,0.8181818181818182,0
DAMIMAS_A21B_0512,DAMIMAS,val,4,1,3,3,6,6,9,3,7,13,25,0.52,0
DAMIMAS_A21B_0513,DAMIMAS,train,4,0,0,1,1,7,12,0,0,8,13,0.6153846153846154,0
DAMIMAS_A21B_0514,DAMIMAS,train,4,0,0,0,0,5,14,5,8,10,22,0.45454545454545453,0
DAMIMAS_A21B_0515,DAMIMAS,train,4,3,4,4,8,6,10,1,2,14,24,0.5833333333333334,0
DAMIMAS_A21B_0516,DAMIMAS,val,4,2,2,3,5,2,4,1,3,8,14,0.5714285714285714,0
DAMIMAS_A21B_0517,DAMIMAS,train,4,1,2,2,2,5,12,3,5,11,21,0.5238095238095238,0
DAMIMAS_A21B_0518,DAMIMAS,val,4,2,2,2,3,7,13,7,11,18,29,0.6206896551724138,0
DAMIMAS_A21B_0519,DAMIMAS,test,4,0,0,0,0,0,0,0,0,0,0,0.0,1
DAMIMAS_A21B_0520,DAMIMAS,train,4,2,5,3,4,2,4,2,3,9,16,0.5625,0
DAMIMAS_A21B_0521,DAMIMAS,val,4,2,2,5,6,3,5,4,4,14,17,0.8235294117647058,0
DAMIMAS_A21B_0522,DAMIMAS,train,4,0,0,3,8,3,6,2,2,8,16,0.5,0
DAMIMAS_A21B_0523,DAMIMAS,train,4,3,4,6,11,5,5,1,2,15,22,0.6818181818181818,0
DAMIMAS_A21B_0524,DAMIMAS,train,4,3,4,3,5,2,5,4,8,12,22,0.5454545454545454,0
DAMIMAS_A21B_0525,DAMIMAS,test,4,1,2,3,3,4,8,0,0,8,13,0.6153846153846154,0
DAMIMAS_A21B_0526,DAMIMAS,train,4,0,0,1,1,8,19,1,1,10,21,0.47619047619047616,0
DAMIMAS_A21B_0527,DAMIMAS,train,4,0,0,5,8,4,7,0,0,9,15,0.6,0
DAMIMAS_A21B_0528,DAMIMAS,train,4,0,0,2,2,0,0,0,0,2,2,1.0,1
DAMIMAS_A21B_0529,DAMIMAS,train,4,0,0,0,0,8,13,4,4,12,17,0.7058823529411765,0
DAMIMAS_A21B_0530,DAMIMAS,test,4,2,3,3,6,5,8,5,8,15,25,0.6,0
DAMIMAS_A21B_0531,DAMIMAS,train,4,3,4,6,9,8,10,3,4,20,27,0.7407407407407407,0
DAMIMAS_A21B_0532,DAMIMAS,train,4,1,3,3,5,5,8,2,3,11,19,0.5789473684210527,0
DAMIMAS_A21B_0533,DAMIMAS,val,4,1,1,2,3,4,13,2,5,9,22,0.4090909090909091,0
DAMIMAS_A21B_0534,DAMIMAS,train,4,1,1,2,4,2,5,3,4,8,14,0.5714285714285714,0
DAMIMAS_A21B_0535,DAMIMAS,train,4,3,9,2,4,3,5,1,1,9,19,0.47368421052631576,0
DAMIMAS_A21B_0536,DAMIMAS,test,4,2,4,2,3,2,5,2,5,8,17,0.47058823529411764,0
DAMIMAS_A21B_0537,DAMIMAS,val,4,2,2,2,2,4,9,1,1,9,14,0.6428571428571429,0
DAMIMAS_A21B_0538,DAMIMAS,train,4,0,0,2,4,7,11,4,9,13,24,0.5416666666666666,0
DAMIMAS_A21B_0539,DAMIMAS,train,4,2,5,3,7,5,12,1,4,11,28,0.39285714285714285,0
DAMIMAS_A21B_0540,DAMIMAS,train,4,4,7,1,1,3,4,4,6,12,18,0.6666666666666666,0
DAMIMAS_A21B_0541,DAMIMAS,test,4,3,4,1,1,4,6,3,3,11,14,0.7857142857142857,0
DAMIMAS_A21B_0542,DAMIMAS,train,4,1,2,3,6,3,7,5,9,12,24,0.5,0
DAMIMAS_A21B_0543,DAMIMAS,train,4,3,4,2,3,3,3,0,0,8,10,0.8,0
DAMIMAS_A21B_0544,DAMIMAS,train,4,2,4,2,3,4,7,3,7,11,21,0.5238095238095238,0
DAMIMAS_A21B_0545,DAMIMAS,train,4,1,2,0,0,9,17,1,4,11,23,0.4782608695652174,0
DAMIMAS_A21B_0643,DAMIMAS,test,4,0,0,0,0,0,0,0,0,0,0,0.0,1
DAMIMAS_A21B_0661,DAMIMAS,train,4,2,2,2,2,8,14,2,4,14,22,0.6363636363636364,0
DAMIMAS_A21B_0662,DAMIMAS,val,4,0,0,0,0,1,1,3,3,4,4,1.0,1
DAMIMAS_A21B_0663,DAMIMAS,val,4,0,0,2,3,9,16,3,5,14,24,0.5833333333333334,0
DAMIMAS_A21B_0664,DAMIMAS,train,4,2,2,2,2,10,18,3,5,17,27,0.6296296296296297,0
DAMIMAS_A21B_0665,DAMIMAS,train,4,3,5,3,6,6,11,2,2,14,24,0.5833333333333334,0
DAMIMAS_A21B_0666,DAMIMAS,train,4,0,0,1,1,3,4,4,7,8,12,0.6666666666666666,0
DAMIMAS_A21B_0667,DAMIMAS,train,4,2,2,2,2,8,12,1,1,13,17,0.7647058823529411,0
DAMIMAS_A21B_0668,DAMIMAS,train,4,1,2,2,4,6,12,6,9,15,27,0.5555555555555556,0
DAMIMAS_A21B_0669,DAMIMAS,train,4,2,3,3,3,10,18,4,4,19,28,0.6785714285714286,0
DAMIMAS_A21B_0670,DAMIMAS,train,4,1,1,3,4,3,3,7,10,14,18,0.7777777777777778,0
DAMIMAS_A21B_0671,DAMIMAS,train,4,1,1,1,3,8,14,5,5,15,23,0.6521739130434783,0
DAMIMAS_A21B_0672,DAMIMAS,test,4,1,2,2,3,7,14,2,5,12,24,0.5,0
DAMIMAS_A21B_0673,DAMIMAS,train,4,1,2,2,3,6,12,3,6,12,23,0.5217391304347826,0
DAMIMAS_A21B_0674,DAMIMAS,test,4,2,3,1,2,1,3,5,7,9,15,0.6,0
DAMIMAS_A21B_0675,DAMIMAS,train,4,2,2,1,2,6,12,3,9,12,25,0.48,0
DAMIMAS_A21B_0676,DAMIMAS,train,4,2,2,2,4,6,11,5,7,15,24,0.625,0
DAMIMAS_A21B_0677,DAMIMAS,train,4,1,3,3,3,9,11,6,8,19,25,0.76,0
DAMIMAS_A21B_0678,DAMIMAS,test,4,2,2,4,4,9,10,2,3,17,19,0.8947368421052632,0
DAMIMAS_A21B_0679,DAMIMAS,train,4,0,0,5,8,6,11,3,7,14,26,0.5384615384615384,0
DAMIMAS_A21B_0680,DAMIMAS,train,4,0,0,3,4,12,19,4,5,19,28,0.6785714285714286,0
DAMIMAS_A21B_0681,DAMIMAS,train,4,2,2,2,3,9,17,3,6,16,28,0.5714285714285714,0
DAMIMAS_A21B_0682,DAMIMAS,val,4,2,5,4,5,3,5,5,7,14,22,0.6363636363636364,0
DAMIMAS_A21B_0683,DAMIMAS,val,4,1,4,1,3,6,15,3,7,11,29,0.3793103448275862,0
DAMIMAS_A21B_0684,DAMIMAS,val,4,0,0,3,4,10,18,2,4,15,26,0.5769230769230769,0
DAMIMAS_A21B_0685,DAMIMAS,train,4,3,4,1,1,8,12,6,6,18,23,0.782608695652174,0
DAMIMAS_A21B_0686,DAMIMAS,train,4,2,5,3,6,3,9,3,4,11,24,0.4583333333333333,0
DAMIMAS_A21B_0687,DAMIMAS,test,4,0,0,3,5,4,11,2,4,9,20,0.45,0
DAMIMAS_A21B_0688,DAMIMAS,train,4,2,3,2,2,8,14,4,5,16,24,0.6666666666666666,0
DAMIMAS_A21B_0689,DAMIMAS,train,4,0,0,3,6,6,11,5,7,14,24,0.5833333333333334,0
DAMIMAS_A21B_0690,DAMIMAS,train,4,2,2,1,1,4,6,4,6,11,15,0.7333333333333333,0
DAMIMAS_A21B_0691,DAMIMAS,train,4,0,0,3,3,6,12,2,3,11,18,0.6111111111111112,0
DAMIMAS_A21B_0692,DAMIMAS,train,4,2,2,3,3,5,9,4,4,14,18,0.7777777777777778,0
DAMIMAS_A21B_0693,DAMIMAS,train,4,1,2,2,3,7,13,3,7,13,25,0.52,0
DAMIMAS_A21B_0694,DAMIMAS,train,4,1,3,0,0,7,11,0,0,8,14,0.5714285714285714,0
DAMIMAS_A21B_0695,DAMIMAS,train,4,1,2,4,4,6,12,2,5,13,23,0.5652173913043478,0
DAMIMAS_A21B_0696,DAMIMAS,train,4,0,0,2,2,8,15,2,4,12,21,0.5714285714285714,0
DAMIMAS_A21B_0697,DAMIMAS,val,4,2,2,2,2,8,13,4,6,16,23,0.6956521739130435,0
DAMIMAS_A21B_0698,DAMIMAS,train,4,3,5,0,0,5,9,4,6,12,20,0.6,0
DAMIMAS_A21B_0699,DAMIMAS,train,4,0,0,2,3,5,9,5,7,12,19,0.631578947368421,0
DAMIMAS_A21B_0700,DAMIMAS,train,4,2,4,3,5,5,7,4,4,14,20,0.7,0
DAMIMAS_A21B_0701,DAMIMAS,train,4,0,0,2,2,11,21,2,3,15,26,0.5769230769230769,0
DAMIMAS_A21B_0702,DAMIMAS,train,4,1,1,0,0,6,9,3,4,10,14,0.7142857142857143,0
DAMIMAS_A21B_0703,DAMIMAS,val,4,4,4,2,3,8,14,2,2,16,23,0.6956521739130435,0
DAMIMAS_A21B_0704,DAMIMAS,train,4,0,0,4,5,7,14,4,7,15,26,0.5769230769230769,0
DAMIMAS_A21B_0705,DAMIMAS,train,4,1,2,2,4,7,16,3,3,13,25,0.52,0
DAMIMAS_A21B_0706,DAMIMAS,test,4,3,5,1,1,2,5,6,10,12,21,0.5714285714285714,0
DAMIMAS_A21B_0707,DAMIMAS,train,4,0,0,3,3,11,20,2,2,16,25,0.64,0
DAMIMAS_A21B_0708,DAMIMAS,val,4,2,2,3,3,8,15,7,8,20,28,0.7142857142857143,0
DAMIMAS_A21B_0709,DAMIMAS,train,4,4,4,3,5,5,14,2,4,14,27,0.5185185185185185,0
DAMIMAS_A21B_0710,DAMIMAS,train,4,3,5,2,3,5,7,2,4,12,19,0.631578947368421,0
DAMIMAS_A21B_0711,DAMIMAS,train,4,1,2,2,5,4,11,3,4,10,22,0.45454545454545453,0
DAMIMAS_A21B_0712,DAMIMAS,test,4,1,2,2,3,9,13,5,6,17,24,0.7083333333333334,0
DAMIMAS_A21B_0713,DAMIMAS,test,4,2,2,1,3,6,9,4,4,13,18,0.7222222222222222,0
DAMIMAS_A21B_0714,DAMIMAS,train,4,0,0,1,2,4,6,3,6,8,14,0.5714285714285714,0
DAMIMAS_A21B_0715,DAMIMAS,train,4,2,3,3,4,7,14,2,4,14,25,0.56,0
DAMIMAS_A21B_0716,DAMIMAS,test,4,1,1,3,4,10,19,3,4,17,28,0.6071428571428571,0
DAMIMAS_A21B_0717,DAMIMAS,train,4,2,2,3,4,6,13,4,5,15,24,0.625,0
DAMIMAS_A21B_0718,DAMIMAS,test,4,3,6,2,2,2,4,2,2,9,14,0.6428571428571429,0
DAMIMAS_A21B_0719,DAMIMAS,train,4,3,3,1,3,8,13,0,0,12,19,0.631578947368421,0
DAMIMAS_A21B_0720,DAMIMAS,train,4,2,5,2,2,7,15,2,2,13,24,0.5416666666666666,0
DAMIMAS_A21B_0721,DAMIMAS,train,4,2,2,3,5,8,16,2,3,15,26,0.5769230769230769,0
DAMIMAS_A21B_0722,DAMIMAS,train,4,2,2,4,4,5,6,2,4,13,16,0.8125,0
DAMIMAS_A21B_0723,DAMIMAS,train,4,5,5,4,6,8,14,7,11,24,36,0.6666666666666666,0
DAMIMAS_A21B_0724,DAMIMAS,val,4,4,4,2,2,7,9,1,1,14,16,0.875,0
DAMIMAS_A21B_0725,DAMIMAS,val,4,0,0,3,3,4,8,1,1,8,12,0.6666666666666666,0
DAMIMAS_A21B_0726,DAMIMAS,test,4,3,4,1,3,6,10,1,1,11,18,0.6111111111111112,0
DAMIMAS_A21B_0727,DAMIMAS,test,4,2,4,2,3,8,20,3,5,15,32,0.46875,0
DAMIMAS_A21B_0728,DAMIMAS,train,4,2,4,0,0,7,14,4,9,13,27,0.48148148148148145,0
DAMIMAS_A21B_0729,DAMIMAS,train,4,5,6,3,3,10,17,2,2,20,28,0.7142857142857143,0
DAMIMAS_A21B_0730,DAMIMAS,train,4,2,4,2,2,3,7,1,1,8,14,0.5714285714285714,0
DAMIMAS_A21B_0731,DAMIMAS,train,4,0,0,0,0,5,12,0,0,5,12,0.4166666666666667,0
DAMIMAS_A21B_0732,DAMIMAS,train,4,0,0,0,0,6,10,4,5,10,15,0.6666666666666666,0
DAMIMAS_A21B_0733,DAMIMAS,test,4,0,0,0,0,7,13,6,7,13,20,0.65,0
DAMIMAS_A21B_0734,DAMIMAS,train,4,1,1,1,3,4,8,2,2,8,14,0.5714285714285714,0
DAMIMAS_A21B_0735,DAMIMAS,train,4,0,0,0,0,8,16,1,1,9,17,0.5294117647058824,0
DAMIMAS_A21B_0736,DAMIMAS,train,4,0,0,2,2,7,14,4,4,13,20,0.65,0
DAMIMAS_A21B_0737,DAMIMAS,test,4,0,0,0,0,4,9,5,7,9,16,0.5625,0
DAMIMAS_A21B_0738,DAMIMAS,train,4,0,0,0,0,6,11,2,3,8,14,0.5714285714285714,0
DAMIMAS_A21B_0739,DAMIMAS,train,4,0,0,0,0,7,14,4,7,11,21,0.5238095238095238,0
DAMIMAS_A21B_0740,DAMIMAS,train,4,1,1,3,3,4,11,4,6,12,21,0.5714285714285714,0
DAMIMAS_A21B_0741,DAMIMAS,train,4,2,3,1,3,7,14,4,6,14,26,0.5384615384615384,0
DAMIMAS_A21B_0742,DAMIMAS,test,4,1,2,1,1,3,3,0,0,5,6,0.8333333333333334,0
DAMIMAS_A21B_0743,DAMIMAS,val,4,0,0,0,0,4,7,3,7,7,14,0.5,0
DAMIMAS_A21B_0744,DAMIMAS,test,4,1,1,1,2,5,10,0,0,7,13,0.5384615384615384,0
DAMIMAS_A21B_0745,DAMIMAS,val,4,2,3,2,3,10,13,5,9,19,28,0.6785714285714286,0
DAMIMAS_A21B_0746,DAMIMAS,train,4,3,3,1,1,5,11,1,1,10,16,0.625,0
DAMIMAS_A21B_0747,DAMIMAS,train,4,0,0,3,5,9,17,5,10,17,32,0.53125,0
DAMIMAS_A21B_0748,DAMIMAS,test,4,2,3,1,1,5,15,2,4,10,23,0.43478260869565216,0
DAMIMAS_A21B_0749,DAMIMAS,test,4,3,4,3,3,8,16,2,3,16,26,0.6153846153846154,0
DAMIMAS_A21B_0750,DAMIMAS,train,4,0,0,0,0,5,9,2,2,7,11,0.6363636363636364,0
DAMIMAS_A21B_0751,DAMIMAS,train,4,1,4,2,5,5,11,1,1,9,21,0.42857142857142855,0
DAMIMAS_A21B_0752,DAMIMAS,train,4,2,2,1,2,5,9,0,0,8,13,0.6153846153846154,0
DAMIMAS_A21B_0753,DAMIMAS,train,4,2,3,1,1,7,13,0,0,10,17,0.5882352941176471,0
DAMIMAS_A21B_0754,DAMIMAS,train,4,1,1,0,0,2,2,0,0,3,3,1.0,1
DAMIMAS_A21B_0755,DAMIMAS,train,4,1,2,2,3,5,9,3,4,11,18,0.6111111111111112,0
DAMIMAS_A21B_0756,DAMIMAS,train,4,0,0,0,0,7,19,3,5,10,24,0.4166666666666667,0
DAMIMAS_A21B_0757,DAMIMAS,train,4,1,1,1,2,11,19,0,0,13,22,0.5909090909090909,0
DAMIMAS_A21B_0758,DAMIMAS,train,4,1,2,2,3,1,2,2,2,6,9,0.6666666666666666,0
DAMIMAS_A21B_0759,DAMIMAS,val,4,0,0,0,0,6,14,4,7,10,21,0.47619047619047616,0
DAMIMAS_A21B_0760,DAMIMAS,test,4,0,0,0,0,7,12,5,5,12,17,0.7058823529411765,0
DAMIMAS_A21B_0761,DAMIMAS,train,4,2,2,2,3,5,10,4,8,13,23,0.5652173913043478,0
DAMIMAS_A21B_0762,DAMIMAS,val,4,0,0,1,1,3,5,0,0,4,6,0.6666666666666666,0
DAMIMAS_A21B_0763,DAMIMAS,train,4,0,0,0,0,2,2,0,0,2,2,1.0,1
DAMIMAS_A21B_0764,DAMIMAS,train,4,0,0,2,2,3,5,4,4,9,11,0.8181818181818182,0
DAMIMAS_A21B_0765,DAMIMAS,train,4,2,3,1,2,6,8,3,5,12,18,0.6666666666666666,0
DAMIMAS_A21B_0766,DAMIMAS,train,4,2,2,1,1,2,4,3,5,8,12,0.6666666666666666,0
DAMIMAS_A21B_0767,DAMIMAS,train,4,2,3,1,4,3,7,2,2,8,16,0.5,0
DAMIMAS_A21B_0768,DAMIMAS,train,4,2,4,3,3,4,8,0,0,9,15,0.6,0
DAMIMAS_A21B_0769,DAMIMAS,train,4,0,0,2,2,11,19,3,5,16,26,0.6153846153846154,0
DAMIMAS_A21B_0770,DAMIMAS,train,4,0,0,1,2,6,12,2,2,9,16,0.5625,0
DAMIMAS_A21B_0771,DAMIMAS,val,4,0,0,2,4,5,9,2,2,9,15,0.6,0
DAMIMAS_A21B_0772,DAMIMAS,train,4,3,3,1,1,2,4,1,1,7,9,0.7777777777777778,0
DAMIMAS_A21B_0773,DAMIMAS,train,4,1,1,2,4,6,9,2,2,11,16,0.6875,0
DAMIMAS_A21B_0774,DAMIMAS,train,4,1,1,1,1,3,6,0,0,5,8,0.625,0
DAMIMAS_A21B_0775,DAMIMAS,val,4,0,0,1,3,8,13,1,1,10,17,0.5882352941176471,0
DAMIMAS_A21B_0776,DAMIMAS,val,4,2,2,2,2,4,9,3,4,11,17,0.6470588235294118,0
DAMIMAS_A21B_0777,DAMIMAS,train,4,2,4,1,1,4,6,6,7,13,18,0.7222222222222222,0
DAMIMAS_A21B_0778,DAMIMAS,test,4,0,0,0,0,4,5,4,4,8,9,0.8888888888888888,0
DAMIMAS_A21B_0779,DAMIMAS,train,4,2,3,2,2,5,8,1,1,10,14,0.7142857142857143,0
DAMIMAS_A21B_0793,DAMIMAS,train,4,0,0,0,0,0,0,0,0,0,0,0.0,1
DAMIMAS_A21B_0810,DAMIMAS,val,8,2,2,2,3,7,27,4,14,15,46,0.32608695652173914,0
DAMIMAS_A21B_0811,DAMIMAS,train,8,1,3,3,11,9,32,1,2,14,48,0.2916666666666667,1
DAMIMAS_A21B_0812,DAMIMAS,val,8,1,3,4,15,5,20,1,1,11,39,0.28205128205128205,1
DAMIMAS_A21B_0813,DAMIMAS,test,8,2,3,0,0,4,10,4,10,10,23,0.43478260869565216,0
DAMIMAS_A21B_0814,DAMIMAS,test,8,0,0,0,0,5,20,3,4,8,24,0.3333333333333333,0
DAMIMAS_A21B_0815,DAMIMAS,train,8,2,2,5,13,10,31,5,5,22,51,0.43137254901960786,0
DAMIMAS_A21B_0816,DAMIMAS,train,8,2,5,5,12,9,25,3,3,19,45,0.4222222222222222,0
DAMIMAS_A21B_0817,DAMIMAS,val,8,4,12,3,9,2,7,0,0,9,28,0.32142857142857145,0
DAMIMAS_A21B_0818,DAMIMAS,train,8,1,1,5,13,10,26,0,0,16,40,0.4,0
DAMIMAS_A21B_0819,DAMIMAS,train,8,0,0,3,8,12,33,3,4,18,45,0.4,0
DAMIMAS_A21B_0820,DAMIMAS,train,8,1,1,6,13,10,29,2,3,19,46,0.41304347826086957,0
DAMIMAS_A21B_0821,DAMIMAS,val,8,3,9,2,2,6,8,1,2,12,21,0.5714285714285714,0
DAMIMAS_A21B_0822,DAMIMAS,test,8,1,4,1,3,8,29,1,2,11,38,0.2894736842105263,1
DAMIMAS_A21B_0823,DAMIMAS,train,8,3,7,4,4,12,32,6,14,25,57,0.43859649122807015,0
DAMIMAS_A21B_0824,DAMIMAS,val,8,3,4,6,20,4,16,1,1,14,41,0.34146341463414637,0
DAMIMAS_A21B_0825,DAMIMAS,val,8,2,6,2,2,3,13,4,7,11,28,0.39285714285714285,0
DAMIMAS_A21B_0826,DAMIMAS,val,8,0,0,2,11,3,10,0,0,5,21,0.23809523809523808,1
DAMIMAS_A21B_0827,DAMIMAS,train,8,1,4,2,2,8,25,3,14,14,45,0.3111111111111111,0
DAMIMAS_A21B_0828,DAMIMAS,train,8,3,5,7,15,9,28,1,1,20,49,0.40816326530612246,0
DAMIMAS_A21B_0829,DAMIMAS,val,8,1,6,1,3,6,18,2,6,10,33,0.30303030303030304,0
DAMIMAS_A21B_0830,DAMIMAS,train,8,4,12,2,6,2,8,2,8,10,34,0.29411764705882354,1
DAMIMAS_A21B_0831,DAMIMAS,train,8,1,3,4,7,10,35,6,7,21,52,0.40384615384615385,0
DAMIMAS_A21B_0832,DAMIMAS,train,8,0,0,3,8,8,28,1,1,12,37,0.32432432432432434,0
DAMIMAS_A21B_0833,DAMIMAS,train,8,3,8,1,1,2,10,2,3,8,22,0.36363636363636365,0
DAMIMAS_A21B_0834,DAMIMAS,train,8,2,5,5,15,6,13,5,13,18,46,0.391304347826087,0
DAMIMAS_A21B_0835,DAMIMAS,train,8,0,0,1,1,10,37,5,5,16,43,0.37209302325581395,0
DAMIMAS_A21B_0836,DAMIMAS,train,8,4,11,5,9,8,16,0,0,17,36,0.4722222222222222,0
DAMIMAS_A21B_0837,DAMIMAS,train,8,5,8,2,3,10,21,3,3,20,35,0.5714285714285714,0
DAMIMAS_A21B_0838,DAMIMAS,train,8,0,0,2,3,4,14,6,17,12,34,0.35294117647058826,0
DAMIMAS_A21B_0839,DAMIMAS,val,8,2,5,3,3,9,27,1,1,15,36,0.4166666666666667,0
DAMIMAS_A21B_0840,DAMIMAS,train,8,2,5,5,21,5,18,1,1,13,45,0.28888888888888886,1
DAMIMAS_A21B_0841,DAMIMAS,train,8,3,7,1,1,3,10,4,4,11,22,0.5,0
DAMIMAS_A21B_0842,DAMIMAS,train,8,3,8,3,10,8,16,5,12,19,46,0.41304347826086957,0
DAMIMAS_A21B_0843,DAMIMAS,test,8,0,0,2,5,7,24,4,5,13,34,0.38235294117647056,0
DAMIMAS_A21B_0844,DAMIMAS,train,8,3,5,9,17,11,21,2,2,25,45,0.5555555555555556,0
DAMIMAS_A21B_0845,DAMIMAS,val,8,1,3,1,1,2,8,1,1,5,13,0.38461538461538464,0
DAMIMAS_A21B_0846,DAMIMAS,train,8,0,0,3,12,4,14,0,0,7,26,0.2692307692307692,1
DAMIMAS_A21B_0847,DAMIMAS,test,8,3,3,4,10,11,29,2,2,20,44,0.45454545454545453,0
DAMIMAS_A21B_0848,DAMIMAS,val,8,0,0,4,9,7,15,1,1,12,25,0.48,0
DAMIMAS_A21B_0849,DAMIMAS,train,8,4,5,2,2,7,10,2,2,15,19,0.7894736842105263,0
DAMIMAS_A21B_0850,DAMIMAS,train,8,3,6,2,6,7,18,6,13,18,43,0.4186046511627907,0
DAMIMAS_A21B_0851,DAMIMAS,train,8,0,0,4,15,8,32,3,4,15,51,0.29411764705882354,1
DAMIMAS_A21B_0852,DAMIMAS,train,8,2,2,4,8,4,4,0,0,10,14,0.7142857142857143,0
DAMIMAS_A21B_0853,DAMIMAS,train,8,2,6,3,3,8,14,4,5,17,28,0.6071428571428571,0
DAMIMAS_A21B_0854,DAMIMAS,train,8,7,12,4,6,4,12,8,12,23,42,0.5476190476190477,0
LONSUM_A21A_0001,LONSUM,train,4,0,0,0,0,2,3,3,3,5,6,0.8333333333333334,0
LONSUM_A21A_0002,LONSUM,test,4,0,0,4,6,2,5,0,0,6,11,0.5454545454545454,0
LONSUM_A21A_0003,LONSUM,val,4,0,0,0,0,5,8,5,8,10,16,0.625,0
LONSUM_A21A_0004,LONSUM,train,4,0,0,4,6,4,9,0,0,8,15,0.5333333333333333,0
LONSUM_A21A_0005,LONSUM,train,4,0,0,0,0,4,7,1,1,5,8,0.625,0
LONSUM_A21A_0006,LONSUM,train,4,2,2,2,3,2,3,2,3,8,11,0.7272727272727273,0
LONSUM_A21A_0007,LONSUM,test,4,0,0,0,0,9,15,0,0,9,15,0.6,0
LONSUM_A21A_0008,LONSUM,val,4,0,0,0,0,2,3,0,0,2,3,0.6666666666666666,0
LONSUM_A21A_0009,LONSUM,train,4,1,1,0,0,1,2,2,4,4,7,0.5714285714285714,0
LONSUM_A21A_0010,LONSUM,train,4,1,1,3,4,5,5,2,3,11,13,0.8461538461538461,0
LONSUM_A21A_0011,LONSUM,train,4,0,0,1,1,10,17,1,1,12,19,0.631578947368421,0
LONSUM_A21A_0012,LONSUM,train,4,0,0,2,3,3,5,1,1,6,9,0.6666666666666666,0
LONSUM_A21A_0013,LONSUM,train,4,0,0,0,0,4,5,0,0,4,5,0.8,0
LONSUM_A21A_0014,LONSUM,train,4,0,0,0,0,6,7,1,1,7,8,0.875,0
LONSUM_A21A_0015,LONSUM,train,4,0,0,0,0,5,12,2,5,7,17,0.4117647058823529,0
LONSUM_A21A_0016,LONSUM,val,4,0,0,0,0,3,4,0,0,3,4,0.75,0
LONSUM_A21A_0017,LONSUM,train,4,0,0,0,0,2,4,0,0,2,4,0.5,0
LONSUM_A21A_0018,LONSUM,val,4,0,0,2,4,3,6,1,1,6,11,0.5454545454545454,0
LONSUM_A21A_0019,LONSUM,train,4,0,0,1,1,8,14,2,2,11,17,0.6470588235294118,0
LONSUM_A21A_0020,LONSUM,train,4,0,0,1,1,3,6,0,0,4,7,0.5714285714285714,0
LONSUM_A21A_0021,LONSUM,val,4,0,0,0,0,4,5,4,4,8,9,0.8888888888888888,0
LONSUM_A21A_0022,LONSUM,train,4,0,0,3,5,2,3,0,0,5,8,0.625,0
LONSUM_A21A_0023,LONSUM,train,4,0,0,0,0,7,16,0,0,7,16,0.4375,0
LONSUM_A21A_0024,LONSUM,train,4,0,0,0,0,3,3,0,0,3,3,1.0,1
LONSUM_A21A_0025,LONSUM,train,4,0,0,0,0,2,2,1,3,3,5,0.6,0
LONSUM_A21A_0026,LONSUM,test,4,0,0,1,3,2,4,1,2,4,9,0.4444444444444444,0
LONSUM_A21A_0027,LONSUM,train,4,0,0,0,0,5,11,5,10,10,21,0.47619047619047616,0
LONSUM_A21A_0028,LONSUM,test,4,0,0,2,2,8,12,3,3,13,17,0.7647058823529411,0
LONSUM_A21A_0029,LONSUM,train,4,0,0,2,2,2,2,1,1,5,5,1.0,1
LONSUM_A21A_0030,LONSUM,train,4,0,0,1,1,0,0,0,0,1,1,1.0,1
LONSUM_A21A_0031,LONSUM,train,4,0,0,1,1,8,15,0,0,9,16,0.5625,0
LONSUM_A21A_0032,LONSUM,train,4,0,0,0,0,1,2,0,0,1,2,0.5,0
LONSUM_A21A_0033,LONSUM,train,4,0,0,0,0,2,4,3,4,5,8,0.625,0
LONSUM_A21A_0034,LONSUM,train,4,1,1,4,5,4,7,2,4,11,17,0.6470588235294118,0
LONSUM_A21A_0035,LONSUM,train,4,0,0,0,0,7,14,2,2,9,16,0.5625,0
LONSUM_A21A_0036,LONSUM,train,4,0,0,3,3,7,12,0,0,10,15,0.6666666666666666,0
LONSUM_A21A_0037,LONSUM,train,4,0,0,0,0,1,1,2,3,3,4,0.75,0
LONSUM_A21A_0038,LONSUM,val,4,0,0,2,3,4,5,2,7,8,15,0.5333333333333333,0
LONSUM_A21A_0039,LONSUM,train,4,0,0,1,1,6,11,0,0,7,12,0.5833333333333334,0
LONSUM_A21A_0040,LONSUM,train,4,0,0,0,0,6,10,0,0,6,10,0.6,0
LONSUM_A21A_0041,LONSUM,train,4,0,0,0,0,4,4,0,0,4,4,1.0,1
LONSUM_A21A_0042,LONSUM,train,4,0,0,0,0,1,3,1,1,2,4,0.5,0
LONSUM_A21A_0043,LONSUM,train,4,0,0,0,0,6,8,1,1,7,9,0.7777777777777778,0
LONSUM_A21A_0044,LONSUM,train,4,0,0,2,2,5,14,0,0,7,16,0.4375,0
LONSUM_A21A_0045,LONSUM,train,4,2,2,1,1,3,3,1,2,7,8,0.875,0
LONSUM_A21A_0046,LONSUM,val,4,0,0,0,0,2,2,0,0,2,2,1.0,1
LONSUM_A21A_0047,LONSUM,train,4,0,0,0,0,7,12,3,4,10,16,0.625,0
LONSUM_A21A_0048,LONSUM,train,4,0,0,2,5,7,10,0,0,9,15,0.6,0
LONSUM_A21A_0049,LONSUM,test,4,0,0,0,0,2,2,2,3,4,5,0.8,0
LONSUM_A21A_0050,LONSUM,train,4,0,0,4,9,2,5,2,4,8,18,0.4444444444444444,0
LONSUM_A21A_0051,LONSUM,test,4,0,0,0,0,8,14,0,0,8,14,0.5714285714285714,0
LONSUM_A21A_0052,LONSUM,train,4,0,0,0,0,4,7,0,0,4,7,0.5714285714285714,0
LONSUM_A21A_0053,LONSUM,test,4,1,1,0,0,1,1,1,2,3,4,0.75,0
LONSUM_A21A_0054,LONSUM,val,4,2,3,2,4,5,7,1,2,10,16,0.625,0
LONSUM_A21A_0055,LONSUM,test,4,0,0,1,1,6,9,1,1,8,11,0.7272727272727273,0
LONSUM_A21A_0056,LONSUM,train,4,0,0,0,0,8,13,0,0,8,13,0.6153846153846154,0
LONSUM_A21A_0057,LONSUM,train,4,0,0,0,0,2,2,1,1,3,3,1.0,1
LONSUM_A21A_0058,LONSUM,train,4,0,0,3,6,2,6,3,6,8,18,0.4444444444444444,0
LONSUM_A21A_0059,LONSUM,train,4,0,0,1,1,9,14,3,4,13,19,0.6842105263157895,0
LONSUM_A21A_0060,LONSUM,train,4,0,0,3,3,4,9,0,0,7,12,0.5833333333333334,0
LONSUM_A21A_0061,LONSUM,val,4,2,2,1,1,5,8,0,0,8,11,0.7272727272727273,0
LONSUM_A21A_0062,LONSUM,val,4,0,0,3,5,4,7,1,2,8,14,0.5714285714285714,0
LONSUM_A21A_0063,LONSUM,train,4,1,1,2,2,8,11,4,6,15,20,0.75,0
LONSUM_A21A_0064,LONSUM,train,4,1,1,1,1,4,5,0,0,6,7,0.8571428571428571,0
LONSUM_A21A_0065,LONSUM,train,4,0,0,1,1,6,9,2,3,9,13,0.6923076923076923,0
LONSUM_A21A_0066,LONSUM,train,4,0,0,1,2,3,7,1,4,5,13,0.38461538461538464,0
LONSUM_A21A_0067,LONSUM,test,4,0,0,6,8,5,10,1,1,12,19,0.631578947368421,0
LONSUM_A21A_0068,LONSUM,train,4,0,0,3,6,5,10,0,0,8,16,0.5,0
LONSUM_A21A_0069,LONSUM,train,4,0,0,0,0,1,1,3,4,4,5,0.8,0
LONSUM_A21A_0070,LONSUM,train,4,0,0,3,5,2,5,1,2,6,12,0.5,0
LONSUM_A21A_0071,LONSUM,train,4,0,0,2,2,4,5,1,1,7,8,0.875,0
LONSUM_A21A_0072,LONSUM,train,4,0,0,0,0,1,1,0,0,1,1,1.0,1
LONSUM_A21A_0073,LONSUM,train,4,0,0,0,0,1,1,1,1,2,2,1.0,1
LONSUM_A21A_0074,LONSUM,train,4,0,0,2,2,3,5,2,2,7,9,0.7777777777777778,0
LONSUM_A21A_0075,LONSUM,train,4,0,0,0,0,6,9,2,2,8,11,0.7272727272727273,0
LONSUM_A21A_0076,LONSUM,val,4,0,0,1,1,7,11,0,0,8,12,0.6666666666666666,0
LONSUM_A21A_0077,LONSUM,train,4,0,0,0,0,1,3,1,4,2,7,0.2857142857142857,1
LONSUM_A21A_0078,LONSUM,val,4,0,0,3,5,3,5,3,7,9,17,0.5294117647058824,0
LONSUM_A21A_0079,LONSUM,train,4,0,0,0,0,3,8,0,0,3,8,0.375,0
LONSUM_A21A_0080,LONSUM,train,4,0,0,0,0,4,5,0,0,4,5,0.8,0
LONSUM_A21A_0081,LONSUM,train,4,0,0,0,0,1,3,2,4,3,7,0.42857142857142855,0
LONSUM_A21A_0082,LONSUM,train,4,0,0,2,3,1,3,1,1,4,7,0.5714285714285714,0
LONSUM_A21A_0083,LONSUM,train,4,0,0,2,2,7,14,1,1,10,17,0.5882352941176471,0
LONSUM_A21A_0084,LONSUM,test,4,0,0,0,0,3,4,0,0,3,4,0.75,0
LONSUM_A21A_0085,LONSUM,train,4,0,0,0,0,1,1,1,1,2,2,1.0,1
LONSUM_A21A_0086,LONSUM,test,4,0,0,1,2,3,5,3,3,7,10,0.7,0
LONSUM_A21A_0087,LONSUM,test,4,0,0,0,0,6,9,0,0,6,9,0.6666666666666666,0
LONSUM_A21A_0088,LONSUM,train,4,1,1,5,5,7,12,0,0,13,18,0.7222222222222222,0
LONSUM_A21A_0089,LONSUM,test,4,0,0,0,0,0,0,0,0,0,0,0.0,1
LONSUM_A21A_0090,LONSUM,train,4,0,0,2,2,4,5,3,3,9,10,0.9,0
LONSUM_A21A_0091,LONSUM,val,4,0,0,1,1,6,13,2,2,9,16,0.5625,0
LONSUM_A21A_0092,LONSUM,train,4,0,0,2,2,6,11,0,0,8,13,0.6153846153846154,0
LONSUM_A21A_0093,LONSUM,val,4,0,0,0,0,3,7,0,0,3,7,0.42857142857142855,0
LONSUM_A21A_0094,LONSUM,test,4,1,1,1,1,2,7,1,3,5,12,0.4166666666666667,0
LONSUM_A21A_0095,LONSUM,train,4,0,0,2,2,3,6,4,4,9,12,0.75,0
LONSUM_A21A_0096,LONSUM,train,4,0,0,0,0,7,9,0,0,7,9,0.7777777777777778,0
LONSUM_A21A_0097,LONSUM,val,4,0,0,0,0,1,3,1,2,2,5,0.4,0
LONSUM_A21A_0098,LONSUM,train,4,0,0,2,4,1,3,1,2,4,9,0.4444444444444444,0
LONSUM_A21A_0099,LONSUM,test,4,0,0,0,0,7,14,2,2,9,16,0.5625,0
