tree_id,domain,split,n_sides,has_json,source,B1,B2,B3,B4,total
DAMIMAS_A21B_0001,DAMIMAS,train,4,True,json_dedup,1,2,5,0,8
DAMIMAS_A21B_0002,DAMIMAS,train,4,True,json_dedup,1,0,7,4,12
DAMIMAS_A21B_0003,DAMIMAS,train,4,True,json_dedup,1,2,5,1,9
DAMIMAS_A21B_0004,DAMIMAS,train,4,True,json_dedup,0,0,8,0,8
DAMIMAS_A21B_0005,DAMIMAS,test,4,True,json_dedup,1,3,3,2,9
DAMIMAS_A21B_0006,DAMIMAS,train,4,True,json_dedup,1,0,5,3,9
DAMIMAS_A21B_0007,DAMIMAS,train,4,True,json_dedup,3,3,9,3,18
DAMIMAS_A21B_0008,DAMIMAS,train,4,True,json_dedup,2,3,4,0,9
DAMIMAS_A21B_0009,DAMIMAS,train,4,True,json_dedup,0,0,3,3,6
DAMIMAS_A21B_0010,DAMIMAS,train,4,True,json_dedup,0,2,6,3,11
DAMIMAS_A21B_0011,DAMIMAS,train,4,True,json_dedup,1,1,4,1,7
DAMIMAS_A21B_0012,DAMIMAS,test,4,True,json_dedup,1,2,4,2,9
DAMIMAS_A21B_0013,DAMIMAS,val,4,True,json_dedup,0,1,4,4,9
DAMIMAS_A21B_0014,DAMIMAS,test,4,True,json_dedup,1,1,4,3,9
DAMIMAS_A21B_0015,DAMIMAS,test,4,True,json_dedup,1,1,7,4,13
DAMIMAS_A21B_0016,DAMIMAS,train,4,True,json_dedup,1,0,4,0,5
DAMIMAS_A21B_0017,DAMIMAS,train,4,True,json_dedup,0,1,3,4,8
DAMIMAS_A21B_0018,DAMIMAS,train,4,True,json_dedup,1,0,3,1,5
DAMIMAS_A21B_0019,DAMIMAS,train,4,True,json_dedup,2,0,8,3,13
DAMIMAS_A21B_0020,DAMIMAS,train,4,True,json_dedup,1,1,4,3,9
DAMIMAS_A21B_0021,DAMIMAS,test,4,True,json_dedup,3,0,5,4,12
DAMIMAS_A21B_0022,DAMIMAS,test,4,True,json_dedup,0,1,5,2,8
DAMIMAS_A21B_0023,DAMIMAS,train,4,True,json_dedup,1,3,5,0,9
DAMIMAS_A21B_0024,DAMIMAS,train,4,True,json_dedup,1,0,6,3,10
DAMIMAS_A21B_0025,DAMIMAS,train,4,True,json_dedup,1,1,5,0,7
DAMIMAS_A21B_0026,DAMIMAS,val,4,True,json_dedup,0,1,4,2,7
DAMIMAS_A21B_0027,DAMIMAS,train,4,True,json_dedup,3,0,6,2,11
DAMIMAS_A21B_0028,DAMIMAS,val,4,True,json_dedup,0,1,5,6,12
DAMIMAS_A21B_0029,DAMIMAS,train,4,True,json_dedup,1,2,5,2,10
DAMIMAS_A21B_0030,DAMIMAS,train,4,True,json_dedup,0,0,5,3,8
DAMIMAS_A21B_0031,DAMIMAS,train,4,True,json_dedup,0,1,4,2,7
DAMIMAS_A21B_0032,DAMIMAS,train,4,True,json_dedup,2,1,5,3,11
DAMIMAS_A21B_0033,DAMIMAS,train,4,True,json_dedup,0,0,8,2,10
DAMIMAS_A21B_0034,DAMIMAS,train,4,True,json_dedup,0,1,3,6,10
DAMIMAS_A21B_0035,DAMIMAS,train,4,True,json_dedup,0,7,2,0,9
DAMIMAS_A21B_0036,DAMIMAS,train,4,True,json_dedup,0,1,7,0,8
DAMIMAS_A21B_0037,DAMIMAS,val,4,True,json_dedup,0,3,5,3,11
DAMIMAS_A21B_0038,DAMIMAS,val,4,True,json_dedup,2,0,5,5,12
DAMIMAS_A21B_0039,DAMIMAS,test,4,True,json_dedup,2,5,2,0,9
DAMIMAS_A21B_0040,DAMIMAS,train,4,True,json_dedup,2,2,4,3,11
DAMIMAS_A21B_0041,DAMIMAS,test,4,True,json_dedup,2,3,6,3,14
DAMIMAS_A21B_0042,DAMIMAS,train,4,True,json_dedup,2,1,4,1,8
DAMIMAS_A21B_0043,DAMIMAS,train,4,True,json_dedup,2,3,6,0,11
DAMIMAS_A21B_0044,DAMIMAS,test,4,True,json_dedup,2,1,4,1,8
DAMIMAS_A21B_0045,DAMIMAS,train,4,True,json_dedup,1,0,10,4,15
DAMIMAS_A21B_0046,DAMIMAS,test,4,False,txt_naive,0,0,6,7,13
DAMIMAS_A21B_0047,DAMIMAS,val,4,False,txt_naive,5,7,1,0,13
DAMIMAS_A21B_0048,DAMIMAS,val,4,False,txt_naive,3,4,6,2,15
DAMIMAS_A21B_0049,DAMIMAS,train,4,False,txt_naive,0,0,10,3,13
DAMIMAS_A21B_0050,DAMIMAS,train,4,False,txt_naive,4,0,4,7,15
DAMIMAS_A21B_0051,DAMIMAS,train,4,False,txt_naive,1,21,2,0,24
DAMIMAS_A21B_0052,DAMIMAS,train,4,False,txt_naive,6,6,7,3,22
DAMIMAS_A21B_0053,DAMIMAS,train,4,False,txt_naive,2,2,6,4,14
DAMIMAS_A21B_0054,DAMIMAS,test,4,False,txt_naive,1,2,5,12,20
DAMIMAS_A21B_0055,DAMIMAS,train,4,False,txt_naive,7,13,1,0,21
DAMIMAS_A21B_0056,DAMIMAS,train,4,False,txt_naive,4,0,4,6,14
DAMIMAS_A21B_0057,DAMIMAS,train,4,False,txt_naive,4,3,11,5,23
DAMIMAS_A21B_0058,DAMIMAS,train,4,False,txt_naive,5,0,4,6,15
DAMIMAS_A21B_0059,DAMIMAS,test,4,False,txt_naive,5,3,0,0,8
DAMIMAS_A21B_0060,DAMIMAS,val,4,False,txt_naive,3,1,5,7,16
DAMIMAS_A21B_0061,DAMIMAS,train,4,False,txt_naive,2,4,13,1,20
DAMIMAS_A21B_0062,DAMIMAS,train,4,False,txt_naive,3,3,5,4,15
DAMIMAS_A21B_0063,DAMIMAS,val,4,False,txt_naive,5,8,3,0,16
DAMIMAS_A21B_0064,DAMIMAS,train,4,False,txt_naive,2,4,5,1,12
DAMIMAS_A21B_0065,DAMIMAS,train,4,False,txt_naive,7,0,12,5,24
DAMIMAS_A21B_0066,DAMIMAS,train,4,False,txt_naive,4,4,8,10,26
DAMIMAS_A21B_0067,DAMIMAS,train,4,False,txt_naive,7,14,3,0,24
DAMIMAS_A21B_0068,DAMIMAS,train,4,False,txt_naive,4,5,3,6,18
DAMIMAS_A21B_0069,DAMIMAS,train,4,False,txt_naive,3,3,11,2,19
DAMIMAS_A21B_0070,DAMIMAS,train,4,False,txt_naive,0,0,9,8,17
DAMIMAS_A21B_0071,DAMIMAS,train,4,False,txt_naive,4,14,0,0,18
DAMIMAS_A21B_0072,DAMIMAS,train,4,False,txt_naive,3,7,8,3,21
DAMIMAS_A21B_0073,DAMIMAS,test,4,False,txt_naive,0,0,0,0,0
DAMIMAS_A21B_0074,DAMIMAS,train,4,False,txt_naive,0,0,2,0,2
DAMIMAS_A21B_0075,DAMIMAS,train,4,False,txt_naive,6,18,4,1,29
DAMIMAS_A21B_0076,DAMIMAS,test,4,False,txt_naive,6,5,4,7,22
DAMIMAS_A21B_0077,DAMIMAS,train,4,False,txt_naive,5,3,9,1,18
DAMIMAS_A21B_0078,DAMIMAS,train,4,False,txt_naive,5,1,8,6,20
DAMIMAS_A21B_0079,DAMIMAS,train,4,False,txt_naive,5,14,7,0,26
DAMIMAS_A21B_0080,DAMIMAS,train,4,False,txt_naive,5,3,2,8,18
DAMIMAS_A21B_0081,DAMIMAS,train,4,False,txt_naive,7,0,9,5,21
DAMIMAS_A21B_0082,DAMIMAS,train,4,False,txt_naive,3,3,6,1,13
DAMIMAS_A21B_0083,DAMIMAS,train,4,False,txt_naive,5,17,0,0,22
DAMIMAS_A21B_0084,DAMIMAS,train,4,False,txt_naive,0,4,6,1,11
DAMIMAS_A21B_0085,DAMIMAS,train,4,False,txt_naive,2,5,15,4,26
DAMIMAS_A21B_0086,DAMIMAS,train,4,False,txt_naive,3,3,10,3,19
DAMIMAS_A21B_0087,DAMIMAS,train,4,False,txt_naive,8,14,3,0,25
DAMIMAS_A21B_0088,DAMIMAS,test,4,False,txt_naive,5,1,9,4,19
DAMIMAS_A21B_0089,DAMIMAS,test,4,False,txt_naive,0,3,13,5,21
DAMIMAS_A21B_0090,DAMIMAS,train,4,False,txt_naive,0,2,4,4,10
DAMIMAS_A21B_0091,DAMIMAS,train,4,False,txt_naive,3,16,1,0,20
DAMIMAS_A21B_0092,DAMIMAS,test,4,False,txt_naive,1,3,8,7,19
DAMIMAS_A21B_0093,DAMIMAS,train,4,False,txt_naive,0,1,11,5,17
DAMIMAS_A21B_0094,DAMIMAS,test,4,False,txt_naive,2,0,8,14,24
DAMIMAS_A21B_0095,DAMIMAS,train,4,False,txt_naive,4,10,1,0,15
DAMIMAS_A21B_0096,DAMIMAS,test,4,False,txt_naive,3,1,3,9,16
DAMIMAS_A21B_0097,DAMIMAS,train,4,False,txt_naive,1,5,14,2,22
DAMIMAS_A21B_0098,DAMIMAS,train,4,False,txt_naive,0,1,5,11,17
DAMIMAS_A21B_0099,DAMIMAS,train,4,False,txt_naive,6,12,4,0,22
DAMIMAS_A21B_0100,DAMIMAS,val,4,False,txt_naive,4,2,7,13,26
DAMIMAS_A21B_0101,DAMIMAS,train,4,False,txt_naive,4,3,8,0,15
DAMIMAS_A21B_0102,DAMIMAS,train,4,False,txt_naive,0,0,7,10,17
DAMIMAS_A21B_0103,DAMIMAS,val,4,False,txt_naive,3,19,7,0,29
DAMIMAS_A21B_0104,DAMIMAS,train,4,False,txt_naive,5,3,6,11,25
DAMIMAS_A21B_0105,DAMIMAS,train,4,False,txt_naive,3,4,11,3,21
DAMIMAS_A21B_0106,DAMIMAS,test,4,False,txt_naive,4,0,4,12,20
DAMIMAS_A21B_0107,DAMIMAS,val,4,False,txt_naive,7,12,9,1,29
DAMIMAS_A21B_0108,DAMIMAS,train,4,False,txt_naive,4,4,6,2,16
DAMIMAS_A21B_0109,DAMIMAS,train,4,False,txt_naive,1,7,6,3,17
DAMIMAS_A21B_0110,DAMIMAS,train,4,False,txt_naive,0,0,4,2,6
DAMIMAS_A21B_0111,DAMIMAS,train,4,False,txt_naive,0,16,7,0,23
DAMIMAS_A21B_0112,DAMIMAS,train,4,False,txt_naive,2,0,3,4,9
DAMIMAS_A21B_0113,DAMIMAS,train,4,False,txt_naive,0,1,6,1,8
DAMIMAS_A21B_0114,DAMIMAS,train,4,False,txt_naive,0,2,1,6,9
DAMIMAS_A21B_0115,DAMIMAS,train,4,False,txt_naive,0,2,3,0,5
DAMIMAS_A21B_0116,DAMIMAS,val,4,False,txt_naive,1,5,8,9,23
DAMIMAS_A21B_0117,DAMIMAS,val,4,False,txt_naive,0,0,7,1,8
DAMIMAS_A21B_0118,DAMIMAS,train,4,False,txt_naive,3,2,1,12,18
DAMIMAS_A21B_0119,DAMIMAS,train,4,False,txt_naive,8,9,3,0,20
DAMIMAS_A21B_0120,DAMIMAS,train,4,False,txt_naive,3,0,1,5,9
DAMIMAS_A21B_0121,DAMIMAS,train,4,False,txt_naive,0,3,10,2,15
DAMIMAS_A21B_0122,DAMIMAS,val,4,False,txt_naive,3,0,4,4,11
DAMIMAS_A21B_0123,DAMIMAS,train,4,False,txt_naive,6,9,2,0,17
DAMIMAS_A21B_0124,DAMIMAS,test,4,False,txt_naive,0,7,5,7,19
DAMIMAS_A21B_0125,DAMIMAS,test,4,False,txt_naive,2,6,8,3,19
DAMIMAS_A21B_0126,DAMIMAS,test,4,False,txt_naive,3,2,6,6,17
DAMIMAS_A21B_0127,DAMIMAS,val,4,False,txt_naive,1,14,4,2,21
DAMIMAS_A21B_0128,DAMIMAS,test,4,False,txt_naive,2,3,7,2,14
DAMIMAS_A21B_0129,DAMIMAS,train,4,False,txt_naive,0,2,6,0,8
DAMIMAS_A21B_0130,DAMIMAS,test,4,False,txt_naive,2,2,2,9,15
DAMIMAS_A21B_0131,DAMIMAS,test,4,False,txt_naive,2,12,4,0,18
DAMIMAS_A21B_0132,DAMIMAS,train,4,False,txt_naive,5,0,1,10,16
DAMIMAS_A21B_0133,DAMIMAS,train,4,False,txt_naive,0,0,15,2,17
DAMIMAS_A21B_0134,DAMIMAS,train,4,False,txt_naive,0,4,7,5,16
DAMIMAS_A21B_0135,DAMIMAS,test,4,False,txt_naive,8,9,4,0,21
DAMIMAS_A21B_0136,DAMIMAS,train,4,False,txt_naive,0,6,9,6,21
DAMIMAS_A21B_0137,DAMIMAS,train,4,False,txt_naive,0,4,11,2,17
DAMIMAS_A21B_0138,DAMIMAS,train,4,False,txt_naive,2,2,6,4,14
DAMIMAS_A21B_0139,DAMIMAS,train,4,False,txt_naive,0,13,5,0,18
DAMIMAS_A21B_0140,DAMIMAS,train,4,False,txt_naive,6,4,6,10,26
DAMIMAS_A21B_0141,DAMIMAS,train,4,False,txt_naive,0,0,16,3,19
DAMIMAS_A21B_0142,DAMIMAS,train,4,False,txt_naive,0,0,0,4,4
DAMIMAS_A21B_0143,DAMIMAS,train,4,False,txt_naive,0,9,7,2,18
DAMIMAS_A21B_0144,DAMIMAS,train,4,False,txt_naive,2,7,2,7,18
DAMIMAS_A21B_0145,DAMIMAS,test,4,False,txt_naive,2,2,13,1,18
DAMIMAS_A21B_0146,DAMIMAS,train,4,False,txt_naive,3,4,8,7,22
DAMIMAS_A21B_0147,DAMIMAS,val,4,False,txt_naive,4,11,6,3,24
DAMIMAS_A21B_0148,DAMIMAS,train,4,False,txt_naive,5,0,6,6,17
DAMIMAS_A21B_0149,DAMIMAS,train,4,False,txt_naive,2,2,16,3,23
DAMIMAS_A21B_0150,DAMIMAS,train,4,False,txt_naive,2,2,13,8,25
DAMIMAS_A21B_0151,DAMIMAS,train,4,False,txt_naive,2,13,7,1,23
DAMIMAS_A21B_0152,DAMIMAS,train,4,False,txt_naive,4,6,4,9,23
DAMIMAS_A21B_0153,DAMIMAS,val,4,False,txt_naive,0,0,15,1,16
DAMIMAS_A21B_0154,DAMIMAS,train,4,False,txt_naive,1,3,7,15,26
DAMIMAS_A21B_0155,DAMIMAS,train,4,False,txt_naive,3,14,4,2,23
DAMIMAS_A21B_0156,DAMIMAS,train,4,False,txt_naive,3,2,6,7,18
DAMIMAS_A21B_0157,DAMIMAS,train,4,False,txt_naive,1,6,14,5,26
DAMIMAS_A21B_0158,DAMIMAS,val,4,False,txt_naive,2,2,7,6,17
DAMIMAS_A21B_0159,DAMIMAS,train,4,False,txt_naive,1,1,2,5,9
DAMIMAS_A21B_0160,DAMIMAS,train,4,False,txt_naive,3,4,5,1,13
DAMIMAS_A21B_0161,DAMIMAS,test,4,False,txt_naive,0,1,19,4,24
DAMIMAS_A21B_0162,DAMIMAS,train,4,False,txt_naive,0,0,8,10,18
DAMIMAS_A21B_0163,DAMIMAS,train,4,False,txt_naive,5,16,7,3,31
DAMIMAS_A21B_0164,DAMIMAS,train,4,False,txt_naive,3,3,6,12,24
DAMIMAS_A21B_0165,DAMIMAS,train,4,False,txt_naive,2,5,12,4,23
DAMIMAS_A21B_0166,DAMIMAS,train,4,False,txt_naive,4,1,10,3,18
DAMIMAS_A21B_0167,DAMIMAS,test,4,False,txt_naive,5,10,6,1,22
DAMIMAS_A21B_0168,DAMIMAS,train,4,False,txt_naive,3,6,4,11,24
DAMIMAS_A21B_0169,DAMIMAS,train,4,False,txt_naive,1,2,20,5,28
DAMIMAS_A21B_0170,DAMIMAS,test,4,False,txt_naive,1,3,9,12,25
DAMIMAS_A21B_0171,DAMIMAS,test,4,False,txt_naive,0,10,3,0,13
DAMIMAS_A21B_0172,DAMIMAS,test,4,False,txt_naive,2,5,5,8,20
DAMIMAS_A21B_0173,DAMIMAS,val,4,False,txt_naive,4,2,16,1,23
DAMIMAS_A21B_0174,DAMIMAS,train,4,False,txt_naive,4,0,9,13,26
DAMIMAS_A21B_0175,DAMIMAS,train,4,False,txt_naive,4,12,6,0,22
DAMIMAS_A21B_0176,DAMIMAS,train,4,False,txt_naive,4,3,5,6,18
DAMIMAS_A21B_0177,DAMIMAS,train,4,False,txt_naive,0,5,13,4,22
DAMIMAS_A21B_0178,DAMIMAS,test,4,False,txt_naive,2,3,5,9,19
DAMIMAS_A21B_0179,DAMIMAS,train,4,False,txt_naive,3,8,10,0,21
DAMIMAS_A21B_0180,DAMIMAS,val,4,False,txt_naive,0,4,11,9,24
DAMIMAS_A21B_0181,DAMIMAS,train,4,False,txt_naive,0,0,17,4,21
DAMIMAS_A21B_0182,DAMIMAS,train,4,False,txt_naive,2,5,8,5,20
DAMIMAS_A21B_0183,DAMIMAS,train,4,False,txt_naive,3,13,7,1,24
DAMIMAS_A21B_0184,DAMIMAS,val,4,False,txt_naive,2,7,2,0,11
DAMIMAS_A21B_0185,DAMIMAS,val,4,False,txt_naive,1,3,12,4,20
DAMIMAS_A21B_0186,DAMIMAS,train,4,False,txt_naive,4,1,9,1,15
DAMIMAS_A21B_0187,DAMIMAS,test,4,False,txt_naive,2,4,1,0,7
DAMIMAS_A21B_0188,DAMIMAS,train,4,False,txt_naive,4,0,2,5,11
DAMIMAS_A21B_0189,DAMIMAS,train,4,False,txt_naive,5,3,2,0,10
DAMIMAS_A21B_0190,DAMIMAS,train,4,False,txt_naive,2,4,8,3,17
DAMIMAS_A21B_0191,DAMIMAS,train,4,False,txt_naive,5,7,1,0,13
DAMIMAS_A21B_0192,DAMIMAS,train,4,False,txt_naive,0,0,5,7,12
DAMIMAS_A21B_0193,DAMIMAS,train,4,False,txt_naive,0,0,20,4,24
DAMIMAS_A21B_0194,DAMIMAS,train,4,False,txt_naive,0,0,6,7,13
DAMIMAS_A21B_0195,DAMIMAS,val,4,False,txt_naive,8,8,3,0,19
DAMIMAS_A21B_0196,DAMIMAS,val,4,False,txt_naive,1,4,4,5,14
DAMIMAS_A21B_0197,DAMIMAS,train,4,False,txt_naive,0,1,11,3,15
DAMIMAS_A21B_0198,DAMIMAS,train,4,False,txt_naive,2,0,12,3,17
DAMIMAS_A21B_0199,DAMIMAS,train,4,False,txt_naive,3,12,6,0,21
DAMIMAS_A21B_0200,DAMIMAS,train,4,False,txt_naive,2,2,5,2,11
DAMIMAS_A21B_0201,DAMIMAS,train,4,False,txt_naive,3,0,15,2,20
DAMIMAS_A21B_0202,DAMIMAS,train,4,False,txt_naive,2,1,5,1,9
DAMIMAS_A21B_0203,DAMIMAS,train,4,False,txt_naive,0,12,1,0,13
DAMIMAS_A21B_0204,DAMIMAS,val,4,False,txt_naive,5,4,6,4,19
DAMIMAS_A21B_0205,DAMIMAS,train,4,False,txt_naive,0,1,14,0,15
DAMIMAS_A21B_0206,DAMIMAS,val,4,False,txt_naive,0,5,15,1,21
DAMIMAS_A21B_0207,DAMIMAS,test,4,False,txt_naive,7,9,4,0,20
DAMIMAS_A21B_0208,DAMIMAS,test,4,False,txt_naive,3,6,6,7,22
DAMIMAS_A21B_0209,DAMIMAS,train,4,False,txt_naive,0,3,12,1,16
DAMIMAS_A21B_0210,DAMIMAS,train,4,False,txt_naive,3,2,7,6,18
DAMIMAS_A21B_0211,DAMIMAS,train,4,False,txt_naive,6,12,5,1,24
DAMIMAS_A21B_0212,DAMIMAS,train,4,False,txt_naive,3,2,6,5,16
DAMIMAS_A21B_0213,DAMIMAS,train,4,False,txt_naive,0,2,18,0,20
DAMIMAS_A21B_0214,DAMIMAS,train,4,False,txt_naive,2,1,8,9,20
DAMIMAS_A21B_0215,DAMIMAS,test,4,False,txt_naive,7,7,4,0,18
DAMIMAS_A21B_0216,DAMIMAS,train,4,False,txt_naive,5,5,5,5,20
DAMIMAS_A21B_0217,DAMIMAS,val,4,False,txt_naive,6,2,13,0,21
DAMIMAS_A21B_0218,DAMIMAS,train,4,False,txt_naive,1,2,5,11,19
DAMIMAS_A21B_0219,DAMIMAS,train,4,False,txt_naive,5,11,3,0,19
DAMIMAS_A21B_0220,DAMIMAS,train,4,False,txt_naive,2,3,3,1,9
DAMIMAS_A21B_0221,DAMIMAS,train,4,False,txt_naive,6,6,12,1,25
DAMIMAS_A21B_0222,DAMIMAS,test,4,False,txt_naive,2,2,8,8,20
DAMIMAS_A21B_0223,DAMIMAS,train,4,False,txt_naive,3,9,4,0,16
DAMIMAS_A21B_0224,DAMIMAS,train,4,False,txt_naive,6,2,7,5,20
DAMIMAS_A21B_0225,DAMIMAS,train,4,False,txt_naive,2,2,6,0,10
DAMIMAS_A21B_0226,DAMIMAS,train,4,False,txt_naive,0,0,12,3,15
DAMIMAS_A21B_0227,DAMIMAS,val,4,False,txt_naive,3,0,0,4,7
DAMIMAS_A21B_0228,DAMIMAS,train,4,False,txt_naive,4,4,4,5,17
DAMIMAS_A21B_0229,DAMIMAS,train,4,False,txt_naive,4,1,15,0,20
DAMIMAS_A21B_0230,DAMIMAS,train,4,False,txt_naive,0,0,0,0,0
DAMIMAS_A21B_0231,DAMIMAS,train,4,False,txt_naive,0,10,5,0,15
DAMIMAS_A21B_0232,DAMIMAS,train,4,False,txt_naive,0,0,4,4,8
DAMIMAS_A21B_0233,DAMIMAS,test,4,False,txt_naive,0,1,18,1,20
DAMIMAS_A21B_0234,DAMIMAS,train,4,False,txt_naive,0,0,5,9,14
DAMIMAS_A21B_0235,DAMIMAS,train,4,False,txt_naive,4,13,4,2,23
DAMIMAS_A21B_0236,DAMIMAS,train,4,False,txt_naive,1,9,6,7,23
DAMIMAS_A21B_0237,DAMIMAS,train,4,False,txt_naive,5,1,11,3,20
DAMIMAS_A21B_0238,DAMIMAS,train,4,False,txt_naive,4,2,9,4,19
DAMIMAS_A21B_0239,DAMIMAS,val,4,False,txt_naive,5,10,1,0,16
DAMIMAS_A21B_0240,DAMIMAS,train,4,False,txt_naive,0,7,4,3,14
DAMIMAS_A21B_0241,DAMIMAS,val,4,False,txt_naive,3,3,8,0,14
DAMIMAS_A21B_0242,DAMIMAS,train,4,False,txt_naive,0,4,9,3,16
DAMIMAS_A21B_0243,DAMIMAS,val,4,False,txt_naive,3,11,7,1,22
DAMIMAS_A21B_0244,DAMIMAS,train,4,True,json_dedup,0,0,0,7,7
DAMIMAS_A21B_0245,DAMIMAS,train,4,True,json_dedup,0,0,3,2,5
DAMIMAS_A21B_0246,DAMIMAS,test,4,True,json_dedup,0,6,6,4,16
DAMIMAS_A21B_0247,DAMIMAS,test,4,True,json_dedup,2,3,5,0,10
DAMIMAS_A21B_0248,DAMIMAS,train,4,True,json_dedup,0,2,5,4,11
DAMIMAS_A21B_0249,DAMIMAS,train,4,True,json_dedup,0,1,9,0,10
DAMIMAS_A21B_0250,DAMIMAS,test,4,True,json_dedup,2,1,8,8,19
DAMIMAS_A21B_0251,DAMIMAS,train,4,True,json_dedup,1,4,6,2,13
DAMIMAS_A21B_0252,DAMIMAS,train,4,True,json_dedup,0,2,6,2,10
DAMIMAS_A21B_0253,DAMIMAS,train,4,True,json_dedup,0,2,4,0,6
DAMIMAS_A21B_0254,DAMIMAS,test,4,True,json_dedup,0,2,6,3,11
DAMIMAS_A21B_0255,DAMIMAS,train,4,True,json_dedup,1,2,6,1,10
DAMIMAS_A21B_0256,DAMIMAS,train,4,True,json_dedup,0,0,2,0,2
DAMIMAS_A21B_0257,DAMIMAS,train,4,True,json_dedup,1,4,7,1,13
DAMIMAS_A21B_0258,DAMIMAS,train,4,True,json_dedup,0,2,7,2,11
DAMIMAS_A21B_0259,DAMIMAS,train,4,True,json_dedup,1,8,3,0,12
DAMIMAS_A21B_0260,DAMIMAS,train,4,True,json_dedup,1,5,3,2,11
DAMIMAS_A21B_0261,DAMIMAS,train,4,True,json_dedup,3,5,5,3,16
DAMIMAS_A21B_0262,DAMIMAS,train,4,True,json_dedup,2,2,7,2,13
DAMIMAS_A21B_0263,DAMIMAS,val,4,True,json_dedup,0,7,3,1,11
DAMIMAS_A21B_0264,DAMIMAS,train,4,True,json_dedup,3,2,7,0,12
DAMIMAS_A21B_0265,DAMIMAS,train,4,True,json_dedup,1,2,8,1,12
DAMIMAS_A21B_0266,DAMIMAS,train,4,True,json_dedup,2,1,9,0,12
DAMIMAS_A21B_0267,DAMIMAS,train,4,True,json_dedup,1,5,4,2,12
DAMIMAS_A21B_0268,DAMIMAS,train,4,True,json_dedup,2,6,5,6,19
DAMIMAS_A21B_0269,DAMIMAS,train,4,True,json_dedup,0,0,5,0,5
DAMIMAS_A21B_0270,DAMIMAS,test,4,True,json_dedup,1,2,7,0,10
DAMIMAS_A21B_0271,DAMIMAS,test,4,True,json_dedup,0,6,6,3,15
DAMIMAS_A21B_0272,DAMIMAS,val,4,True,json_dedup,1,1,5,2,9
DAMIMAS_A21B_0273,DAMIMAS,train,4,True,json_dedup,0,1,6,0,7
DAMIMAS_A21B_0274,DAMIMAS,train,4,True,json_dedup,0,1,8,3,12
DAMIMAS_A21B_0275,DAMIMAS,test,4,True,json_dedup,3,4,8,2,17
DAMIMAS_A21B_0276,DAMIMAS,train,4,True,json_dedup,1,1,3,0,5
DAMIMAS_A21B_0277,DAMIMAS,val,4,True,json_dedup,1,3,5,0,9
DAMIMAS_A21B_0278,DAMIMAS,val,4,True,json_dedup,2,4,6,0,12
DAMIMAS_A21B_0279,DAMIMAS,test,4,True,json_dedup,0,5,9,1,15
DAMIMAS_A21B_0280,DAMIMAS,test,4,True,json_dedup,2,3,4,4,13
DAMIMAS_A21B_0281,DAMIMAS,train,4,True,json_dedup,0,0,10,5,15
DAMIMAS_A21B_0282,DAMIMAS,train,4,True,json_dedup,4,0,6,0,10
DAMIMAS_A21B_0283,DAMIMAS,val,4,True,json_dedup,2,1,7,1,11
DAMIMAS_A21B_0284,DAMIMAS,test,4,False,txt_naive,3,4,4,5,16
DAMIMAS_A21B_0285,DAMIMAS,train,4,False,txt_naive,7,4,15,6,32
DAMIMAS_A21B_0286,DAMIMAS,train,4,False,txt_naive,2,5,10,2,19
DAMIMAS_A21B_0287,DAMIMAS,train,4,False,txt_naive,6,8,0,0,14
DAMIMAS_A21B_0288,DAMIMAS,test,4,False,txt_naive,1,7,6,6,20
DAMIMAS_A21B_0289,DAMIMAS,val,4,False,txt_naive,3,3,8,0,14
DAMIMAS_A21B_0290,DAMIMAS,train,4,False,txt_naive,0,0,14,0,14
DAMIMAS_A21B_0291,DAMIMAS,train,4,False,txt_naive,4,10,6,2,22
DAMIMAS_A21B_0292,DAMIMAS,train,4,False,txt_naive,0,9,6,6,21
DAMIMAS_A21B_0293,DAMIMAS,train,4,False,txt_naive,0,5,11,2,18
DAMIMAS_A21B_0294,DAMIMAS,test,4,False,txt_naive,0,5,14,4,23
DAMIMAS_A21B_0295,DAMIMAS,train,4,False,txt_naive,0,12,3,2,17
DAMIMAS_A21B_0296,DAMIMAS,test,4,False,txt_naive,2,5,3,2,12
DAMIMAS_A21B_0297,DAMIMAS,train,4,False,txt_naive,0,1,13,3,17
DAMIMAS_A21B_0298,DAMIMAS,train,4,False,txt_naive,4,0,13,5,22
DAMIMAS_A21B_0299,DAMIMAS,train,4,False,txt_naive,3,10,5,0,18
DAMIMAS_A21B_0300,DAMIMAS,train,4,False,txt_naive,1,4,5,3,13
DAMIMAS_A21B_0301,DAMIMAS,train,4,False,txt_naive,1,5,11,3,20
DAMIMAS_A21B_0302,DAMIMAS,test,4,False,txt_naive,2,2,11,0,15
DAMIMAS_A21B_0303,DAMIMAS,train,4,False,txt_naive,2,15,4,0,21
DAMIMAS_A21B_0304,DAMIMAS,test,4,False,txt_naive,0,6,4,8,18
DAMIMAS_A21B_0305,DAMIMAS,train,4,False,txt_naive,4,5,13,3,25
DAMIMAS_A21B_0306,DAMIMAS,train,4,False,txt_naive,2,2,5,0,9
DAMIMAS_A21B_0307,DAMIMAS,train,4,False,txt_naive,2,9,3,0,14
DAMIMAS_A21B_0308,DAMIMAS,val,4,False,txt_naive,2,3,5,5,15
DAMIMAS_A21B_0309,DAMIMAS,train,4,False,txt_naive,3,3,9,3,18
DAMIMAS_A21B_0310,DAMIMAS,train,4,False,txt_naive,3,0,16,1,20
DAMIMAS_A21B_0311,DAMIMAS,val,4,False,txt_naive,2,7,0,0,9
DAMIMAS_A21B_0312,DAMIMAS,train,4,False,txt_naive,2,7,4,5,18
DAMIMAS_A21B_0313,DAMIMAS,train,4,False,txt_naive,3,4,12,4,23
DAMIMAS_A21B_0314,DAMIMAS,train,4,False,txt_naive,0,4,13,5,22
DAMIMAS_A21B_0315,DAMIMAS,train,4,False,txt_naive,2,11,10,0,23
DAMIMAS_A21B_0316,DAMIMAS,train,4,False,txt_naive,4,6,6,8,24
DAMIMAS_A21B_0317,DAMIMAS,train,4,False,txt_naive,0,4,10,0,14
DAMIMAS_A21B_0318,DAMIMAS,train,4,False,txt_naive,0,0,16,5,21
DAMIMAS_A21B_0319,DAMIMAS,train,4,False,txt_naive,0,9,6,0,15
DAMIMAS_A21B_0320,DAMIMAS,train,4,False,txt_naive,6,6,6,5,23
DAMIMAS_A21B_0321,DAMIMAS,test,4,False,txt_naive,5,4,9,3,21
DAMIMAS_A21B_0322,DAMIMAS,train,4,False,txt_naive,0,0,0,0,0
DAMIMAS_A21B_0323,DAMIMAS,test,4,False,txt_naive,0,11,2,0,13
DAMIMAS_A21B_0324,DAMIMAS,train,4,False,txt_naive,0,7,5,2,14
DAMIMAS_A21B_0325,DAMIMAS,test,4,False,txt_naive,0,6,8,3,17
DAMIMAS_A21B_0326,DAMIMAS,train,4,False,txt_naive,0,0,8,2,10
DAMIMAS_A21B_0327,DAMIMAS,train,4,False,txt_naive,3,4,4,0,11
DAMIMAS_A21B_0328,DAMIMAS,train,4,False,txt_naive,0,5,5,4,14
DAMIMAS_A21B_0329,DAMIMAS,train,4,False,txt_naive,4,1,1,0,6
DAMIMAS_A21B_0330,DAMIMAS,val,4,False,txt_naive,4,2,14,1,21
DAMIMAS_A21B_0331,DAMIMAS,test,4,False,txt_naive,0,13,4,0,17
DAMIMAS_A21B_0332,DAMIMAS,train,4,False,txt_naive,0,0,5,6,11
DAMIMAS_A21B_0333,DAMIMAS,train,4,False,txt_naive,2,1,5,0,8
DAMIMAS_A21B_0334,DAMIMAS,train,4,False,txt_naive,4,0,10,7,21
DAMIMAS_A21B_0335,DAMIMAS,train,4,False,txt_naive,7,6,0,0,13
DAMIMAS_A21B_0336,DAMIMAS,train,4,False,txt_naive,4,2,10,6,22
DAMIMAS_A21B_0337,DAMIMAS,train,4,False,txt_naive,0,1,11,4,16
DAMIMAS_A21B_0338,DAMIMAS,val,4,False,txt_naive,0,0,10,8,18
DAMIMAS_A21B_0339,DAMIMAS,train,4,False,txt_naive,4,6,3,0,13
DAMIMAS_A21B_0340,DAMIMAS,train,4,False,txt_naive,2,2,3,2,9
DAMIMAS_A21B_0341,DAMIMAS,train,4,False,txt_naive,0,5,13,2,20
DAMIMAS_A21B_0342,DAMIMAS,val,4,False,txt_naive,3,3,10,12,28
DAMIMAS_A21B_0343,DAMIMAS,train,4,False,txt_naive,4,8,6,0,18
DAMIMAS_A21B_0344,DAMIMAS,val,4,False,txt_naive,0,7,6,8,21
DAMIMAS_A21B_0345,DAMIMAS,train,4,False,txt_naive,2,4,7,2,15
DAMIMAS_A21B_0346,DAMIMAS,test,4,False,txt_naive,3,2,10,8,23
DAMIMAS_A21B_0347,DAMIMAS,train,4,False,txt_naive,5,8,4,1,18
DAMIMAS_A21B_0348,DAMIMAS,test,4,False,txt_naive,5,3,5,8,21
DAMIMAS_A21B_0349,DAMIMAS,val,4,False,txt_naive,1,2,2,4,9
DAMIMAS_A21B_0350,DAMIMAS,train,4,False,txt_naive,3,2,5,0,10
DAMIMAS_A21B_0351,DAMIMAS,train,4,False,txt_naive,4,10,10,1,25
DAMIMAS_A21B_0352,DAMIMAS,train,4,False,txt_naive,4,5,7,9,25
DAMIMAS_A21B_0353,DAMIMAS,train,4,False,txt_naive,5,4,9,0,18
DAMIMAS_A21B_0354,DAMIMAS,train,4,False,txt_naive,2,4,25,1,32
DAMIMAS_A21B_0355,DAMIMAS,test,4,False,txt_naive,5,9,8,2,24
DAMIMAS_A21B_0356,DAMIMAS,train,4,False,txt_naive,5,5,5,4,19
DAMIMAS_A21B_0357,DAMIMAS,train,4,False,txt_naive,0,4,15,3,22
DAMIMAS_A21B_0358,DAMIMAS,train,4,False,txt_naive,2,2,14,10,28
DAMIMAS_A21B_0359,DAMIMAS,val,4,False,txt_naive,6,5,9,2,22
DAMIMAS_A21B_0360,DAMIMAS,train,4,False,txt_naive,9,4,6,11,30
DAMIMAS_A21B_0361,DAMIMAS,train,4,False,txt_naive,4,4,10,6,24
DAMIMAS_A21B_0362,DAMIMAS,train,4,False,txt_naive,2,2,16,6,26
DAMIMAS_A21B_0363,DAMIMAS,train,4,False,txt_naive,0,11,2,2,15
DAMIMAS_A21B_0364,DAMIMAS,train,4,False,txt_naive,4,9,9,5,27
DAMIMAS_A21B_0365,DAMIMAS,train,4,False,txt_naive,2,5,16,4,27
DAMIMAS_A21B_0366,DAMIMAS,train,4,False,txt_naive,0,0,11,4,15
DAMIMAS_A21B_0367,DAMIMAS,train,4,False,txt_naive,1,8,8,2,19
DAMIMAS_A21B_0368,DAMIMAS,train,4,False,txt_naive,8,3,10,8,29
DAMIMAS_A21B_0369,DAMIMAS,train,4,False,txt_naive,2,2,7,3,14
DAMIMAS_A21B_0370,DAMIMAS,val,4,False,txt_naive,4,1,9,4,18
DAMIMAS_A21B_0371,DAMIMAS,train,4,False,txt_naive,2,8,11,0,21
DAMIMAS_A21B_0372,DAMIMAS,val,4,False,txt_naive,4,4,4,7,19
DAMIMAS_A21B_0373,DAMIMAS,train,4,False,txt_naive,6,3,10,3,22
DAMIMAS_A21B_0374,DAMIMAS,train,4,False,txt_naive,2,2,15,9,28
DAMIMAS_A21B_0375,DAMIMAS,val,4,False,txt_naive,3,9,8,0,20
DAMIMAS_A21B_0376,DAMIMAS,train,4,False,txt_naive,2,4,7,6,19
DAMIMAS_A21B_0377,DAMIMAS,train,4,False,txt_naive,1,0,13,1,15
DAMIMAS_A21B_0378,DAMIMAS,test,4,False,txt_naive,5,3,11,7,26
DAMIMAS_A21B_0379,DAMIMAS,train,4,False,txt_naive,4,5,0,0,9
DAMIMAS_A21B_0380,DAMIMAS,test,4,False,txt_naive,3,7,3,10,23
DAMIMAS_A21B_0381,DAMIMAS,test,4,False,txt_naive,6,0,11,5,22
DAMIMAS_A21B_0382,DAMIMAS,train,4,False,txt_naive,4,2,8,14,28
DAMIMAS_A21B_0383,DAMIMAS,train,4,False,txt_naive,4,10,8,2,24
DAMIMAS_A21B_0384,DAMIMAS,train,4,False,txt_naive,4,8,6,7,25
DAMIMAS_A21B_0385,DAMIMAS,test,4,False,txt_naive,2,4,14,6,26
DAMIMAS_A21B_0386,DAMIMAS,train,4,False,txt_naive,0,3,4,0,7
DAMIMAS_A21B_0387,DAMIMAS,train,4,False,txt_naive,5,9,1,0,15
DAMIMAS_A21B_0388,DAMIMAS,val,4,False,txt_naive,2,6,6,5,19
DAMIMAS_A21B_0389,DAMIMAS,train,4,False,txt_naive,1,4,16,4,25
DAMIMAS_A21B_0390,DAMIMAS,val,4,False,txt_naive,2,5,11,12,30
DAMIMAS_A21B_0391,DAMIMAS,val,4,False,txt_naive,4,11,1,0,16
DAMIMAS_A21B_0392,DAMIMAS,val,4,False,txt_naive,4,8,6,5,23
DAMIMAS_A21B_0393,DAMIMAS,train,4,False,txt_naive,2,6,13,3,24
DAMIMAS_A21B_0394,DAMIMAS,train,4,False,txt_naive,3,3,9,10,25
DAMIMAS_A21B_0395,DAMIMAS,train,4,False,txt_naive,6,10,5,0,21
DAMIMAS_A21B_0396,DAMIMAS,train,4,False,txt_naive,6,7,7,5,25
DAMIMAS_A21B_0397,DAMIMAS,train,4,False,txt_naive,2,3,11,3,19
DAMIMAS_A21B_0398,DAMIMAS,val,4,False,txt_naive,4,4,12,5,25
DAMIMAS_A21B_0399,DAMIMAS,train,4,False,txt_naive,6,7,3,1,17
DAMIMAS_A21B_0400,DAMIMAS,val,4,False,txt_naive,0,9,2,8,19
DAMIMAS_A21B_0401,DAMIMAS,val,4,False,txt_naive,0,0,13,3,16
DAMIMAS_A21B_0402,DAMIMAS,test,4,False,txt_naive,0,1,12,5,18
DAMIMAS_A21B_0403,DAMIMAS,train,4,False,txt_naive,4,9,8,3,24
DAMIMAS_A21B_0404,DAMIMAS,val,4,False,txt_naive,7,4,4,0,15
DAMIMAS_A21B_0405,DAMIMAS,train,4,False,txt_naive,1,4,7,1,13
DAMIMAS_A21B_0406,DAMIMAS,train,4,False,txt_naive,2,1,10,4,17
DAMIMAS_A21B_0407,DAMIMAS,val,4,False,txt_naive,3,8,10,2,23
DAMIMAS_A21B_0408,DAMIMAS,train,4,False,txt_naive,6,8,7,0,21
DAMIMAS_A21B_0409,DAMIMAS,test,4,False,txt_naive,5,1,9,0,15
DAMIMAS_A21B_0410,DAMIMAS,train,4,False,txt_naive,5,2,18,6,31
DAMIMAS_A21B_0411,DAMIMAS,test,4,False,txt_naive,4,10,9,0,23
DAMIMAS_A21B_0412,DAMIMAS,train,4,False,txt_naive,2,9,4,1,16
DAMIMAS_A21B_0413,DAMIMAS,train,4,False,txt_naive,2,3,14,7,26
DAMIMAS_A21B_0414,DAMIMAS,train,4,False,txt_naive,0,0,13,0,13
DAMIMAS_A21B_0415,DAMIMAS,val,4,False,txt_naive,3,9,9,0,21
DAMIMAS_A21B_0416,DAMIMAS,train,4,False,txt_naive,3,8,9,5,25
DAMIMAS_A21B_0417,DAMIMAS,val,4,False,txt_naive,3,4,13,5,25
DAMIMAS_A21B_0418,DAMIMAS,train,4,False,txt_naive,0,2,13,12,27
DAMIMAS_A21B_0419,DAMIMAS,test,4,False,txt_naive,0,10,10,3,23
DAMIMAS_A21B_0420,DAMIMAS,val,4,False,txt_naive,0,5,1,0,6
DAMIMAS_A21B_0421,DAMIMAS,train,4,False,txt_naive,0,0,0,0,0
DAMIMAS_A21B_0422,DAMIMAS,val,4,False,txt_naive,3,0,8,10,21
DAMIMAS_A21B_0423,DAMIMAS,train,4,False,txt_naive,3,9,7,3,22
DAMIMAS_A21B_0424,DAMIMAS,train,4,False,txt_naive,6,2,7,0,15
DAMIMAS_A21B_0425,DAMIMAS,train,4,False,txt_naive,0,5,13,2,20
DAMIMAS_A21B_0426,DAMIMAS,train,4,False,txt_naive,0,0,13,4,17
DAMIMAS_A21B_0427,DAMIMAS,train,4,False,txt_naive,1,14,10,1,26
DAMIMAS_A21B_0428,DAMIMAS,val,4,False,txt_naive,6,5,7,9,27
DAMIMAS_A21B_0429,DAMIMAS,train,4,False,txt_naive,4,7,16,9,36
DAMIMAS_A21B_0430,DAMIMAS,train,4,False,txt_naive,0,2,14,6,22
DAMIMAS_A21B_0431,DAMIMAS,train,4,False,txt_naive,0,7,7,0,14
DAMIMAS_A21B_0432,DAMIMAS,test,4,False,txt_naive,0,5,7,2,14
DAMIMAS_A21B_0433,DAMIMAS,train,4,False,txt_naive,5,1,14,0,20
DAMIMAS_A21B_0434,DAMIMAS,train,4,False,txt_naive,0,5,14,5,24
DAMIMAS_A21B_0435,DAMIMAS,train,4,False,txt_naive,5,6,4,0,15
DAMIMAS_A21B_0436,DAMIMAS,train,4,False,txt_naive,3,7,5,6,21
DAMIMAS_A21B_0437,DAMIMAS,train,4,False,txt_naive,4,5,12,6,27
DAMIMAS_A21B_0438,DAMIMAS,val,4,False,txt_naive,0,0,13,14,27
DAMIMAS_A21B_0439,DAMIMAS,train,4,False,txt_naive,1,8,1,0,10
DAMIMAS_A21B_0440,DAMIMAS,train,4,False,txt_naive,0,7,10,6,23
DAMIMAS_A21B_0441,DAMIMAS,train,4,False,txt_naive,2,4,13,2,21
DAMIMAS_A21B_0442,DAMIMAS,test,4,False,txt_naive,0,2,10,11,23
DAMIMAS_A21B_0443,DAMIMAS,train,4,False,txt_naive,2,8,8,2,20
DAMIMAS_A21B_0444,DAMIMAS,test,4,False,txt_naive,4,1,5,6,16
DAMIMAS_A21B_0445,DAMIMAS,train,4,False,txt_naive,3,3,8,4,18
DAMIMAS_A21B_0446,DAMIMAS,train,4,False,txt_naive,3,3,11,2,19
DAMIMAS_A21B_0447,DAMIMAS,train,4,False,txt_naive,0,10,9,4,23
DAMIMAS_A21B_0448,DAMIMAS,train,4,False,txt_naive,2,5,7,4,18
DAMIMAS_A21B_0449,DAMIMAS,test,4,False,txt_naive,0,5,17,1,23
DAMIMAS_A21B_0450,DAMIMAS,train,4,False,txt_naive,2,2,10,11,25
DAMIMAS_A21B_0451,DAMIMAS,train,4,False,txt_naive,2,8,5,2,17
DAMIMAS_A21B_0452,DAMIMAS,train,4,False,txt_naive,8,1,5,8,22
DAMIMAS_A21B_0453,DAMIMAS,train,4,False,txt_naive,2,3,12,2,19
DAMIMAS_A21B_0454,DAMIMAS,train,4,False,txt_naive,0,5,8,10,23
DAMIMAS_A21B_0455,DAMIMAS,val,4,False,txt_naive,0,11,8,2,21
DAMIMAS_A21B_0456,DAMIMAS,test,4,False,txt_naive,5,3,6,6,20
DAMIMAS_A21B_0457,DAMIMAS,train,4,False,txt_naive,3,4,14,5,26
DAMIMAS_A21B_0458,DAMIMAS,train,4,False,txt_naive,0,4,11,6,21
DAMIMAS_A21B_0459,DAMIMAS,train,4,False,txt_naive,6,9,3,0,18
DAMIMAS_A21B_0460,DAMIMAS,train,4,False,txt_naive,4,6,8,6,24
DAMIMAS_A21B_0461,DAMIMAS,val,4,False,txt_naive,0,4,14,0,18
DAMIMAS_A21B_0462,DAMIMAS,train,4,False,txt_naive,6,0,11,3,20
DAMIMAS_A21B_0463,DAMIMAS,train,4,False,txt_naive,3,9,7,1,20
DAMIMAS_A21B_0464,DAMIMAS,train,4,False,txt_naive,5,3,4,3,15
DAMIMAS_A21B_0465,DAMIMAS,train,4,False,txt_naive,5,3,4,1,13
DAMIMAS_A21B_0466,DAMIMAS,train,4,False,txt_naive,0,0,8,3,11
DAMIMAS_A21B_0467,DAMIMAS,train,4,False,txt_naive,3,8,5,1,17
DAMIMAS_A21B_0468,DAMIMAS,train,4,False,txt_naive,4,2,7,7,20
DAMIMAS_A21B_0469,DAMIMAS,train,4,False,txt_naive,0,5,11,4,20
DAMIMAS_A21B_0470,DAMIMAS,train,4,False,txt_naive,4,7,6,5,22
DAMIMAS_A21B_0471,DAMIMAS,val,4,False,txt_naive,3,10,10,3,26
DAMIMAS_A21B_0472,DAMIMAS,val,4,False,txt_naive,0,8,7,9,24
DAMIMAS_A21B_0473,DAMIMAS,train,4,False,txt_naive,3,2,6,0,11
DAMIMAS_A21B_0474,DAMIMAS,train,4,False,txt_naive,4,4,8,6,22
DAMIMAS_A21B_0475,DAMIMAS,test,4,False,txt_naive,0,11,6,2,19
DAMIMAS_A21B_0476,DAMIMAS,train,4,False,txt_naive,0,6,7,3,16
DAMIMAS_A21B_0477,DAMIMAS,val,4,False,txt_naive,0,0,9,1,10
DAMIMAS_A21B_0478,DAMIMAS,train,4,False,txt_naive,6,3,8,10,27
DAMIMAS_A21B_0479,DAMIMAS,val,4,False,txt_naive,1,9,7,3,20
DAMIMAS_A21B_0480,DAMIMAS,train,4,False,txt_naive,3,5,6,9,23
DAMIMAS_A21B_0481,DAMIMAS,train,4,False,txt_naive,1,3,8,1,13
DAMIMAS_A21B_0482,DAMIMAS,train,4,False,txt_naive,2,5,7,10,24
DAMIMAS_A21B_0483,DAMIMAS,train,4,False,txt_naive,4,9,5,2,20
DAMIMAS_A21B_0484,DAMIMAS,train,4,False,txt_naive,2,7,4,5,18
DAMIMAS_A21B_0485,DAMIMAS,val,4,False,txt_naive,2,4,11,3,20
DAMIMAS_A21B_0486,DAMIMAS,train,4,False,txt_naive,0,4,10,8,22
DAMIMAS_A21B_0487,DAMIMAS,train,4,False,txt_naive,0,10,9,1,20
DAMIMAS_A21B_0488,DAMIMAS,train,4,False,txt_naive,0,7,5,5,17
DAMIMAS_A21B_0489,DAMIMAS,val,4,False,txt_naive,0,0,17,3,20
DAMIMAS_A21B_0490,DAMIMAS,test,4,False,txt_naive,7,1,9,10,27
DAMIMAS_A21B_0491,DAMIMAS,train,4,False,txt_naive,5,8,7,0,20
DAMIMAS_A21B_0492,DAMIMAS,test,4,False,txt_naive,3,5,6,5,19
DAMIMAS_A21B_0493,DAMIMAS,train,4,False,txt_naive,2,7,6,4,19
DAMIMAS_A21B_0494,DAMIMAS,train,4,False,txt_naive,4,3,7,12,26
DAMIMAS_A21B_0495,DAMIMAS,train,4,False,txt_naive,2,9,7,0,18
DAMIMAS_A21B_0496,DAMIMAS,train,4,False,txt_naive,3,5,4,7,19
DAMIMAS_A21B_0497,DAMIMAS,test,4,False,txt_naive,2,5,15,4,26
DAMIMAS_A21B_0498,DAMIMAS,train,4,False,txt_naive,7,2,5,14,28
DAMIMAS_A21B_0499,DAMIMAS,train,4,False,txt_naive,4,8,8,3,23
DAMIMAS_A21B_0500,DAMIMAS,train,4,False,txt_naive,4,5,7,3,19
DAMIMAS_A21B_0501,DAMIMAS,train,4,False,txt_naive,2,6,14,3,25
DAMIMAS_A21B_0502,DAMIMAS,train,4,False,txt_naive,0,6,11,11,28
DAMIMAS_A21B_0503,DAMIMAS,train,4,False,txt_naive,3,10,9,5,27
DAMIMAS_A21B_0504,DAMIMAS,val,4,False,txt_naive,2,7,3,9,21
DAMIMAS_A21B_0505,DAMIMAS,test,4,False,txt_naive,2,0,14,5,21
DAMIMAS_A21B_0506,DAMIMAS,train,4,False,txt_naive,6,3,11,13,33
DAMIMAS_A21B_0507,DAMIMAS,train,4,False,txt_naive,0,9,8,0,17
DAMIMAS_A21B_0508,DAMIMAS,train,4,False,txt_naive,2,10,8,2,22
DAMIMAS_A21B_0509,DAMIMAS,train,4,False,txt_naive,1,3,11,2,17
DAMIMAS_A21B_0510,DAMIMAS,test,4,False,txt_naive,0,2,15,6,23
DAMIMAS_A21B_0511,DAMIMAS,train,4,False,txt_naive,7,8,6,1,22
DAMIMAS_A21B_0512,DAMIMAS,val,4,False,txt_naive,3,6,9,7,25
DAMIMAS_A21B_0513,DAMIMAS,train,4,False,txt_naive,0,1,12,0,13
DAMIMAS_A21B_0514,DAMIMAS,train,4,False,txt_naive,0,0,14,8,22
DAMIMAS_A21B_0515,DAMIMAS,train,4,False,txt_naive,4,8,10,2,24
DAMIMAS_A21B_0516,DAMIMAS,val,4,False,txt_naive,2,5,4,3,14
DAMIMAS_A21B_0517,DAMIMAS,train,4,False,txt_naive,2,2,12,5,21
DAMIMAS_A21B_0518,DAMIMAS,val,4,False,txt_naive,2,3,13,11,29
DAMIMAS_A21B_0519,DAMIMAS,test,4,False,txt_naive,0,0,0,0,0
DAMIMAS_A21B_0520,DAMIMAS,train,4,False,txt_naive,5,4,4,3,16
DAMIMAS_A21B_0521,DAMIMAS,val,4,False,txt_naive,2,6,5,4,17
DAMIMAS_A21B_0522,DAMIMAS,train,4,False,txt_naive,0,8,6,2,16
DAMIMAS_A21B_0523,DAMIMAS,train,4,False,txt_naive,4,11,5,2,22
DAMIMAS_A21B_0524,DAMIMAS,train,4,False,txt_naive,4,5,5,8,22
DAMIMAS_A21B_0525,DAMIMAS,test,4,False,txt_naive,2,3,8,0,13
DAMIMAS_A21B_0526,DAMIMAS,train,4,False,txt_naive,0,1,19,1,21
DAMIMAS_A21B_0527,DAMIMAS,train,4,False,txt_naive,0,8,7,0,15
DAMIMAS_A21B_0528,DAMIMAS,train,4,False,txt_naive,0,2,0,0,2
DAMIMAS_A21B_0529,DAMIMAS,train,4,False,txt_naive,0,0,13,4,17
DAMIMAS_A21B_0530,DAMIMAS,test,4,False,txt_naive,3,6,8,8,25
DAMIMAS_A21B_0531,DAMIMAS,train,4,False,txt_naive,4,9,10,4,27
DAMIMAS_A21B_0532,DAMIMAS,train,4,False,txt_naive,3,5,8,3,19
DAMIMAS_A21B_0533,DAMIMAS,val,4,False,txt_naive,1,3,13,5,22
DAMIMAS_A21B_0534,DAMIMAS,train,4,False,txt_naive,1,4,5,4,14
DAMIMAS_A21B_0535,DAMIMAS,train,4,False,txt_naive,9,4,5,1,19
DAMIMAS_A21B_0536,DAMIMAS,test,4,False,txt_naive,4,3,5,5,17
DAMIMAS_A21B_0537,DAMIMAS,val,4,False,txt_naive,2,2,9,1,14
DAMIMAS_A21B_0538,DAMIMAS,train,4,False,txt_naive,0,4,11,9,24
DAMIMAS_A21B_0539,DAMIMAS,train,4,False,txt_naive,5,7,12,4,28
DAMIMAS_A21B_0540,DAMIMAS,train,4,False,txt_naive,7,1,4,6,18
DAMIMAS_A21B_0541,DAMIMAS,test,4,False,txt_naive,4,1,6,3,14
DAMIMAS_A21B_0542,DAMIMAS,train,4,False,txt_naive,2,6,7,9,24
DAMIMAS_A21B_0543,DAMIMAS,train,4,False,txt_naive,4,3,3,0,10
DAMIMAS_A21B_0544,DAMIMAS,train,4,False,txt_naive,4,3,7,7,21
DAMIMAS_A21B_0545,DAMIMAS,train,4,False,txt_naive,2,0,17,4,23
DAMIMAS_A21B_0546,DAMIMAS,test,4,True,json_dedup,2,5,4,5,16
DAMIMAS_A21B_0547,DAMIMAS,val,4,True,json_dedup,1,5,6,0,12
DAMIMAS_A21B_0548,DAMIMAS,train,4,True,json_dedup,1,3,4,3,11
DAMIMAS_A21B_0549,DAMIMAS,train,4,True,json_dedup,1,0,4,0,5
DAMIMAS_A21B_0550,DAMIMAS,val,4,True,json_dedup,2,4,4,5,15
DAMIMAS_A21B_0551,DAMIMAS,test,4,True,json_dedup,3,3,7,4,17
DAMIMAS_A21B_0552,DAMIMAS,train,4,True,json_dedup,3,4,2,0,9
DAMIMAS_A21B_0553,DAMIMAS,train,4,True,json_dedup,1,1,5,3,10
DAMIMAS_A21B_0554,DAMIMAS,test,4,True,json_dedup,2,3,4,5,14
DAMIMAS_A21B_0555,DAMIMAS,train,4,True,json_dedup,0,3,3,1,7
DAMIMAS_A21B_0556,DAMIMAS,val,4,True,json_dedup,2,4,4,3,13
DAMIMAS_A21B_0557,DAMIMAS,val,4,True,json_dedup,1,1,3,4,9
DAMIMAS_A21B_0558,DAMIMAS,train,4,True,json_dedup,0,3,4,3,10
DAMIMAS_A21B_0559,DAMIMAS,train,4,True,json_dedup,0,0,0,7,7
DAMIMAS_A21B_0560,DAMIMAS,train,4,True,json_dedup,0,2,3,0,5
DAMIMAS_A21B_0561,DAMIMAS,train,4,True,json_dedup,1,2,6,3,12
DAMIMAS_A21B_0562,DAMIMAS,val,4,True,json_dedup,2,4,6,4,16
DAMIMAS_A21B_0563,DAMIMAS,test,4,True,json_dedup,2,3,4,0,9
DAMIMAS_A21B_0564,DAMIMAS,train,4,True,json_dedup,3,2,4,3,12
DAMIMAS_A21B_0565,DAMIMAS,train,4,True,json_dedup,0,0,6,4,10
DAMIMAS_A21B_0566,DAMIMAS,train,4,True,json_dedup,1,4,5,3,13
DAMIMAS_A21B_0567,DAMIMAS,train,4,True,json_dedup,3,4,5,2,14
DAMIMAS_A21B_0568,DAMIMAS,train,4,True,json_dedup,2,3,4,3,12
DAMIMAS_A21B_0569,DAMIMAS,train,4,True,json_dedup,2,2,4,6,14
DAMIMAS_A21B_0570,DAMIMAS,val,4,True,json_dedup,0,3,5,3,11
DAMIMAS_A21B_0571,DAMIMAS,train,4,True,json_dedup,3,6,6,1,16
DAMIMAS_A21B_0572,DAMIMAS,train,4,True,json_dedup,2,3,2,2,9
DAMIMAS_A21B_0573,DAMIMAS,train,4,True,json_dedup,0,2,3,9,14
DAMIMAS_A21B_0574,DAMIMAS,train,4,True,json_dedup,0,0,3,2,5
DAMIMAS_A21B_0575,DAMIMAS,train,4,True,json_dedup,3,3,6,3,15
DAMIMAS_A21B_0576,DAMIMAS,train,4,True,json_dedup,3,5,4,4,16
DAMIMAS_A21B_0577,DAMIMAS,train,4,True,json_dedup,3,0,4,2,9
DAMIMAS_A21B_0578,DAMIMAS,test,4,True,json_dedup,1,5,1,0,7
DAMIMAS_A21B_0579,DAMIMAS,train,4,True,json_dedup,5,3,6,1,15
DAMIMAS_A21B_0580,DAMIMAS,train,4,True,json_dedup,2,4,6,1,13
DAMIMAS_A21B_0581,DAMIMAS,train,4,True,json_dedup,1,3,5,2,11
DAMIMAS_A21B_0582,DAMIMAS,train,4,True,json_dedup,2,6,5,2,15
DAMIMAS_A21B_0583,DAMIMAS,train,4,True,json_dedup,1,2,0,0,3
DAMIMAS_A21B_0584,DAMIMAS,train,4,True,json_dedup,1,3,5,1,10
DAMIMAS_A21B_0585,DAMIMAS,train,4,True,json_dedup,2,2,4,3,11
DAMIMAS_A21B_0586,DAMIMAS,val,4,True,json_dedup,0,3,4,2,9
DAMIMAS_A21B_0587,DAMIMAS,train,4,True,json_dedup,3,0,0,0,3
DAMIMAS_A21B_0588,DAMIMAS,train,4,True,json_dedup,4,3,3,2,12
DAMIMAS_A21B_0589,DAMIMAS,train,4,True,json_dedup,1,2,10,1,14
DAMIMAS_A21B_0590,DAMIMAS,train,4,True,json_dedup,4,2,4,4,14
DAMIMAS_A21B_0591,DAMIMAS,test,4,True,json_dedup,2,5,5,1,13
DAMIMAS_A21B_0592,DAMIMAS,train,4,True,json_dedup,1,1,6,0,8
DAMIMAS_A21B_0593,DAMIMAS,val,4,True,json_dedup,0,0,1,2,3
DAMIMAS_A21B_0594,DAMIMAS,train,4,True,json_dedup,4,5,3,3,15
DAMIMAS_A21B_0595,DAMIMAS,val,4,True,json_dedup,3,4,6,0,13
DAMIMAS_A21B_0596,DAMIMAS,train,4,True,json_dedup,0,2,8,4,14
DAMIMAS_A21B_0597,DAMIMAS,train,4,True,json_dedup,0,0,8,0,8
DAMIMAS_A21B_0598,DAMIMAS,train,4,True,json_dedup,1,3,5,1,10
DAMIMAS_A21B_0599,DAMIMAS,train,4,True,json_dedup,3,4,6,2,15
DAMIMAS_A21B_0600,DAMIMAS,train,4,True,json_dedup,3,2,7,4,16
DAMIMAS_A21B_0601,DAMIMAS,test,4,True,json_dedup,0,0,5,1,6
DAMIMAS_A21B_0602,DAMIMAS,train,4,True,json_dedup,4,4,5,3,16
DAMIMAS_A21B_0603,DAMIMAS,train,4,True,json_dedup,2,4,3,1,10
DAMIMAS_A21B_0604,DAMIMAS,train,4,True,json_dedup,0,3,2,1,6
DAMIMAS_A21B_0605,DAMIMAS,train,4,True,json_dedup,2,2,6,3,13
DAMIMAS_A21B_0606,DAMIMAS,train,4,True,json_dedup,1,5,4,4,14
DAMIMAS_A21B_0607,DAMIMAS,train,4,True,json_dedup,4,4,4,1,13
DAMIMAS_A21B_0608,DAMIMAS,train,4,True,json_dedup,0,2,8,3,13
DAMIMAS_A21B_0609,DAMIMAS,val,4,True,json_dedup,1,2,5,3,11
DAMIMAS_A21B_0610,DAMIMAS,train,4,True,json_dedup,0,6,4,2,12
DAMIMAS_A21B_0611,DAMIMAS,train,4,True,json_dedup,0,6,5,0,11
DAMIMAS_A21B_0612,DAMIMAS,val,4,True,json_dedup,0,1,8,0,9
DAMIMAS_A21B_0613,DAMIMAS,train,4,True,json_dedup,0,1,4,1,6
DAMIMAS_A21B_0614,DAMIMAS,val,4,True,json_dedup,2,5,5,4,16
DAMIMAS_A21B_0615,DAMIMAS,train,4,True,json_dedup,3,5,3,1,12
DAMIMAS_A21B_0616,DAMIMAS,test,4,True,json_dedup,2,2,5,4,13
DAMIMAS_A21B_0617,DAMIMAS,train,4,True,json_dedup,3,3,5,1,12
DAMIMAS_A21B_0618,DAMIMAS,test,4,True,json_dedup,3,4,2,1,10
DAMIMAS_A21B_0619,DAMIMAS,train,4,True,json_dedup,6,4,6,0,16
DAMIMAS_A21B_0620,DAMIMAS,train,4,True,json_dedup,2,1,9,2,14
DAMIMAS_A21B_0621,DAMIMAS,train,4,True,json_dedup,3,3,8,2,16
DAMIMAS_A21B_0622,DAMIMAS,train,4,True,json_dedup,2,6,3,2,13
DAMIMAS_A21B_0623,DAMIMAS,train,4,True,json_dedup,2,5,5,0,12
DAMIMAS_A21B_0624,DAMIMAS,train,4,True,json_dedup,3,1,8,2,14
DAMIMAS_A21B_0625,DAMIMAS,train,4,True,json_dedup,0,3,9,3,15
DAMIMAS_A21B_0626,DAMIMAS,train,4,True,json_dedup,1,4,4,5,14
DAMIMAS_A21B_0627,DAMIMAS,train,4,True,json_dedup,2,4,4,0,10
DAMIMAS_A21B_0628,DAMIMAS,train,4,True,json_dedup,0,2,7,3,12
DAMIMAS_A21B_0629,DAMIMAS,train,4,True,json_dedup,2,0,6,1,9
DAMIMAS_A21B_0630,DAMIMAS,train,4,True,json_dedup,1,5,3,3,12
DAMIMAS_A21B_0631,DAMIMAS,train,4,True,json_dedup,0,3,3,0,6
DAMIMAS_A21B_0632,DAMIMAS,train,4,True,json_dedup,3,4,10,4,21
DAMIMAS_A21B_0633,DAMIMAS,test,4,True,json_dedup,0,0,2,0,2
DAMIMAS_A21B_0634,DAMIMAS,train,4,True,json_dedup,4,5,4,3,16
DAMIMAS_A21B_0635,DAMIMAS,train,4,True,json_dedup,3,7,5,3,18
DAMIMAS_A21B_0636,DAMIMAS,test,4,True,json_dedup,0,1,7,3,11
DAMIMAS_A21B_0637,DAMIMAS,train,4,True,json_dedup,2,0,2,1,5
DAMIMAS_A21B_0638,DAMIMAS,train,4,True,json_dedup,4,3,4,1,12
DAMIMAS_A21B_0639,DAMIMAS,train,4,True,json_dedup,2,1,10,1,14
DAMIMAS_A21B_0640,DAMIMAS,test,4,True,json_dedup,1,3,7,3,14
DAMIMAS_A21B_0641,DAMIMAS,train,4,True,json_dedup,3,3,5,4,15
DAMIMAS_A21B_0642,DAMIMAS,test,4,True,json_dedup,1,1,3,3,8
DAMIMAS_A21B_0643,DAMIMAS,test,4,False,txt_naive,0,0,0,0,0
DAMIMAS_A21B_0644,DAMIMAS,train,4,True,json_dedup,0,2,7,3,12
DAMIMAS_A21B_0645,DAMIMAS,train,4,True,json_dedup,0,0,5,2,7
DAMIMAS_A21B_0646,DAMIMAS,train,4,True,json_dedup,0,4,5,2,11
DAMIMAS_A21B_0647,DAMIMAS,train,4,True,json_dedup,0,4,7,0,11
DAMIMAS_A21B_0648,DAMIMAS,train,4,True,json_dedup,0,0,8,3,11
DAMIMAS_A21B_0649,DAMIMAS,val,4,True,json_dedup,0,1,9,3,13
DAMIMAS_A21B_0650,DAMIMAS,train,4,True,json_dedup,2,2,6,3,13
DAMIMAS_A21B_0651,DAMIMAS,val,4,True,json_dedup,2,2,5,4,13
DAMIMAS_A21B_0652,DAMIMAS,val,4,True,json_dedup,2,3,4,2,11
DAMIMAS_A21B_0653,DAMIMAS,train,4,True,json_dedup,2,1,6,3,12
DAMIMAS_A21B_0654,DAMIMAS,test,4,True,json_dedup,3,6,3,4,16
DAMIMAS_A21B_0655,DAMIMAS,train,4,True,json_dedup,2,1,7,2,12
DAMIMAS_A21B_0656,DAMIMAS,train,4,True,json_dedup,2,0,9,5,16
DAMIMAS_A21B_0657,DAMIMAS,test,4,True,json_dedup,1,2,7,5,15
DAMIMAS_A21B_0658,DAMIMAS,test,4,True,json_dedup,1,2,3,1,7
DAMIMAS_A21B_0659,DAMIMAS,train,4,True,json_dedup,1,1,8,2,12
DAMIMAS_A21B_0660,DAMIMAS,train,4,True,json_dedup,0,2,5,3,10
DAMIMAS_A21B_0661,DAMIMAS,train,4,False,txt_naive,2,2,14,4,22
DAMIMAS_A21B_0662,DAMIMAS,val,4,False,txt_naive,0,0,1,3,4
DAMIMAS_A21B_0663,DAMIMAS,val,4,False,txt_naive,0,3,16,5,24
DAMIMAS_A21B_0664,DAMIMAS,train,4,False,txt_naive,2,2,18,5,27
DAMIMAS_A21B_0665,DAMIMAS,train,4,False,txt_naive,5,6,11,2,24
DAMIMAS_A21B_0666,DAMIMAS,train,4,False,txt_naive,0,1,4,7,12
DAMIMAS_A21B_0667,DAMIMAS,train,4,False,txt_naive,2,2,12,1,17
DAMIMAS_A21B_0668,DAMIMAS,train,4,False,txt_naive,2,4,12,9,27
DAMIMAS_A21B_0669,DAMIMAS,train,4,False,txt_naive,3,3,18,4,28
DAMIMAS_A21B_0670,DAMIMAS,train,4,False,txt_naive,1,4,3,10,18
DAMIMAS_A21B_0671,DAMIMAS,train,4,False,txt_naive,1,3,14,5,23
DAMIMAS_A21B_0672,DAMIMAS,test,4,False,txt_naive,2,3,14,5,24
DAMIMAS_A21B_0673,DAMIMAS,train,4,False,txt_naive,2,3,12,6,23
DAMIMAS_A21B_0674,DAMIMAS,test,4,False,txt_naive,3,2,3,7,15
DAMIMAS_A21B_0675,DAMIMAS,train,4,False,txt_naive,2,2,12,9,25
DAMIMAS_A21B_0676,DAMIMAS,train,4,False,txt_naive,2,4,11,7,24
DAMIMAS_A21B_0677,DAMIMAS,train,4,False,txt_naive,3,3,11,8,25
DAMIMAS_A21B_0678,DAMIMAS,test,4,False,txt_naive,2,4,10,3,19
DAMIMAS_A21B_0679,DAMIMAS,train,4,False,txt_naive,0,8,11,7,26
DAMIMAS_A21B_0680,DAMIMAS,train,4,False,txt_naive,0,4,19,5,28
DAMIMAS_A21B_0681,DAMIMAS,train,4,False,txt_naive,2,3,17,6,28
DAMIMAS_A21B_0682,DAMIMAS,val,4,False,txt_naive,5,5,5,7,22
DAMIMAS_A21B_0683,DAMIMAS,val,4,False,txt_naive,4,3,15,7,29
DAMIMAS_A21B_0684,DAMIMAS,val,4,False,txt_naive,0,4,18,4,26
DAMIMAS_A21B_0685,DAMIMAS,train,4,False,txt_naive,4,1,12,6,23
DAMIMAS_A21B_0686,DAMIMAS,train,4,False,txt_naive,5,6,9,4,24
DAMIMAS_A21B_0687,DAMIMAS,test,4,False,txt_naive,0,5,11,4,20
DAMIMAS_A21B_0688,DAMIMAS,train,4,False,txt_naive,3,2,14,5,24
DAMIMAS_A21B_0689,DAMIMAS,train,4,False,txt_naive,0,6,11,7,24
DAMIMAS_A21B_0690,DAMIMAS,train,4,False,txt_naive,2,1,6,6,15
DAMIMAS_A21B_0691,DAMIMAS,train,4,False,txt_naive,0,3,12,3,18
DAMIMAS_A21B_0692,DAMIMAS,train,4,False,txt_naive,2,3,9,4,18
DAMIMAS_A21B_0693,DAMIMAS,train,4,False,txt_naive,2,3,13,7,25
DAMIMAS_A21B_0694,DAMIMAS,train,4,False,txt_naive,3,0,11,0,14
DAMIMAS_A21B_0695,DAMIMAS,train,4,False,txt_naive,2,4,12,5,23
DAMIMAS_A21B_0696,DAMIMAS,train,4,False,txt_naive,0,2,15,4,21
DAMIMAS_A21B_0697,DAMIMAS,val,4,False,txt_naive,2,2,13,6,23
DAMIMAS_A21B_0698,DAMIMAS,train,4,False,txt_naive,5,0,9,6,20
DAMIMAS_A21B_0699,DAMIMAS,train,4,False,txt_naive,0,3,9,7,19
DAMIMAS_A21B_0700,DAMIMAS,train,4,False,txt_naive,4,5,7,4,20
DAMIMAS_A21B_0701,DAMIMAS,train,4,False,txt_naive,0,2,21,3,26
DAMIMAS_A21B_0702,DAMIMAS,train,4,False,txt_naive,1,0,9,4,14
DAMIMAS_A21B_0703,DAMIMAS,val,4,False,txt_naive,4,3,14,2,23
DAMIMAS_A21B_0704,DAMIMAS,train,4,False,txt_naive,0,5,14,7,26
DAMIMAS_A21B_0705,DAMIMAS,train,4,False,txt_naive,2,4,16,3,25
DAMIMAS_A21B_0706,DAMIMAS,test,4,False,txt_naive,5,1,5,10,21
DAMIMAS_A21B_0707,DAMIMAS,train,4,False,txt_naive,0,3,20,2,25
DAMIMAS_A21B_0708,DAMIMAS,val,4,False,txt_naive,2,3,15,8,28
DAMIMAS_A21B_0709,DAMIMAS,train,4,False,txt_naive,4,5,14,4,27
DAMIMAS_A21B_0710,DAMIMAS,train,4,False,txt_naive,5,3,7,4,19
DAMIMAS_A21B_0711,DAMIMAS,train,4,False,txt_naive,2,5,11,4,22
DAMIMAS_A21B_0712,DAMIMAS,test,4,False,txt_naive,2,3,13,6,24
DAMIMAS_A21B_0713,DAMIMAS,test,4,False,txt_naive,2,3,9,4,18
DAMIMAS_A21B_0714,DAMIMAS,train,4,False,txt_naive,0,2,6,6,14
DAMIMAS_A21B_0715,DAMIMAS,train,4,False,txt_naive,3,4,14,4,25
DAMIMAS_A21B_0716,DAMIMAS,test,4,False,txt_naive,1,4,19,4,28
DAMIMAS_A21B_0717,DAMIMAS,train,4,False,txt_naive,2,4,13,5,24
DAMIMAS_A21B_0718,DAMIMAS,test,4,False,txt_naive,6,2,4,2,14
DAMIMAS_A21B_0719,DAMIMAS,train,4,False,txt_naive,3,3,13,0,19
DAMIMAS_A21B_0720,DAMIMAS,train,4,False,txt_naive,5,2,15,2,24
DAMIMAS_A21B_0721,DAMIMAS,train,4,False,txt_naive,2,5,16,3,26
DAMIMAS_A21B_0722,DAMIMAS,train,4,False,txt_naive,2,4,6,4,16
DAMIMAS_A21B_0723,DAMIMAS,train,4,False,txt_naive,5,6,14,11,36
DAMIMAS_A21B_0724,DAMIMAS,val,4,False,txt_naive,4,2,9,1,16
DAMIMAS_A21B_0725,DAMIMAS,val,4,False,txt_naive,0,3,8,1,12
DAMIMAS_A21B_0726,DAMIMAS,test,4,False,txt_naive,4,3,10,1,18
DAMIMAS_A21B_0727,DAMIMAS,test,4,False,txt_naive,4,3,20,5,32
DAMIMAS_A21B_0728,DAMIMAS,train,4,False,txt_naive,4,0,14,9,27
DAMIMAS_A21B_0729,DAMIMAS,train,4,False,txt_naive,6,3,17,2,28
DAMIMAS_A21B_0730,DAMIMAS,train,4,False,txt_naive,4,2,7,1,14
DAMIMAS_A21B_0731,DAMIMAS,train,4,False,txt_naive,0,0,12,0,12
DAMIMAS_A21B_0732,DAMIMAS,train,4,False,txt_naive,0,0,10,5,15
DAMIMAS_A21B_0733,DAMIMAS,test,4,False,txt_naive,0,0,13,7,20
DAMIMAS_A21B_0734,DAMIMAS,train,4,False,txt_naive,1,3,8,2,14
DAMIMAS_A21B_0735,DAMIMAS,train,4,False,txt_naive,0,0,16,1,17
DAMIMAS_A21B_0736,DAMIMAS,train,4,False,txt_naive,0,2,14,4,20
DAMIMAS_A21B_0737,DAMIMAS,test,4,False,txt_naive,0,0,9,7,16
DAMIMAS_A21B_0738,DAMIMAS,train,4,False,txt_naive,0,0,11,3,14
DAMIMAS_A21B_0739,DAMIMAS,train,4,False,txt_naive,0,0,14,7,21
DAMIMAS_A21B_0740,DAMIMAS,train,4,False,txt_naive,1,3,11,6,21
DAMIMAS_A21B_0741,DAMIMAS,train,4,False,txt_naive,3,3,14,6,26
DAMIMAS_A21B_0742,DAMIMAS,test,4,False,txt_naive,2,1,3,0,6
DAMIMAS_A21B_0743,DAMIMAS,val,4,False,txt_naive,0,0,7,7,14
DAMIMAS_A21B_0744,DAMIMAS,test,4,False,txt_naive,1,2,10,0,13
DAMIMAS_A21B_0745,DAMIMAS,val,4,False,txt_naive,3,3,13,9,28
DAMIMAS_A21B_0746,DAMIMAS,train,4,False,txt_naive,3,1,11,1,16
DAMIMAS_A21B_0747,DAMIMAS,train,4,False,txt_naive,0,5,17,10,32
DAMIMAS_A21B_0748,DAMIMAS,test,4,False,txt_naive,3,1,15,4,23
DAMIMAS_A21B_0749,DAMIMAS,test,4,False,txt_naive,4,3,16,3,26
DAMIMAS_A21B_0750,DAMIMAS,train,4,False,txt_naive,0,0,9,2,11
DAMIMAS_A21B_0751,DAMIMAS,train,4,False,txt_naive,4,5,11,1,21
DAMIMAS_A21B_0752,DAMIMAS,train,4,False,txt_naive,2,2,9,0,13
DAMIMAS_A21B_0753,DAMIMAS,train,4,False,txt_naive,3,1,13,0,17
DAMIMAS_A21B_0754,DAMIMAS,train,4,False,txt_naive,1,0,2,0,3
DAMIMAS_A21B_0755,DAMIMAS,train,4,False,txt_naive,2,3,9,4,18
DAMIMAS_A21B_0756,DAMIMAS,train,4,False,txt_naive,0,0,19,5,24
DAMIMAS_A21B_0757,DAMIMAS,train,4,False,txt_naive,1,2,19,0,22
DAMIMAS_A21B_0758,DAMIMAS,train,4,False,txt_naive,2,3,2,2,9
DAMIMAS_A21B_0759,DAMIMAS,val,4,False,txt_naive,0,0,14,7,21
DAMIMAS_A21B_0760,DAMIMAS,test,4,False,txt_naive,0,0,12,5,17
DAMIMAS_A21B_0761,DAMIMAS,train,4,False,txt_naive,2,3,10,8,23
DAMIMAS_A21B_0762,DAMIMAS,val,4,False,txt_naive,0,1,5,0,6
DAMIMAS_A21B_0763,DAMIMAS,train,4,False,txt_naive,0,0,2,0,2
DAMIMAS_A21B_0764,DAMIMAS,train,4,False,txt_naive,0,2,5,4,11
DAMIMAS_A21B_0765,DAMIMAS,train,4,False,txt_naive,3,2,8,5,18
DAMIMAS_A21B_0766,DAMIMAS,train,4,False,txt_naive,2,1,4,5,12
DAMIMAS_A21B_0767,DAMIMAS,train,4,False,txt_naive,3,4,7,2,16
DAMIMAS_A21B_0768,DAMIMAS,train,4,False,txt_naive,4,3,8,0,15
DAMIMAS_A21B_0769,DAMIMAS,train,4,False,txt_naive,0,2,19,5,26
DAMIMAS_A21B_0770,DAMIMAS,train,4,False,txt_naive,0,2,12,2,16
DAMIMAS_A21B_0771,DAMIMAS,val,4,False,txt_naive,0,4,9,2,15
DAMIMAS_A21B_0772,DAMIMAS,train,4,False,txt_naive,3,1,4,1,9
DAMIMAS_A21B_0773,DAMIMAS,train,4,False,txt_naive,1,4,9,2,16
DAMIMAS_A21B_0774,DAMIMAS,train,4,False,txt_naive,1,1,6,0,8
DAMIMAS_A21B_0775,DAMIMAS,val,4,False,txt_naive,0,3,13,1,17
DAMIMAS_A21B_0776,DAMIMAS,val,4,False,txt_naive,2,2,9,4,17
DAMIMAS_A21B_0777,DAMIMAS,train,4,False,txt_naive,4,1,6,7,18
DAMIMAS_A21B_0778,DAMIMAS,test,4,False,txt_naive,0,0,5,4,9
DAMIMAS_A21B_0779,DAMIMAS,train,4,False,txt_naive,3,2,8,1,14
DAMIMAS_A21B_0780,DAMIMAS,train,4,True,json_dedup,0,0,1,4,5
DAMIMAS_A21B_0781,DAMIMAS,train,4,True,json_dedup,0,4,5,3,12
DAMIMAS_A21B_0782,DAMIMAS,val,4,True,json_dedup,0,0,3,1,4
DAMIMAS_A21B_0783,DAMIMAS,val,4,True,json_dedup,1,2,8,3,14
DAMIMAS_A21B_0784,DAMIMAS,train,4,True,json_dedup,0,3,4,1,8
DAMIMAS_A21B_0785,DAMIMAS,train,4,True,json_dedup,0,2,4,0,6
DAMIMAS_A21B_0786,DAMIMAS,val,4,True,json_dedup,1,1,1,0,3
DAMIMAS_A21B_0787,DAMIMAS,val,4,True,json_dedup,0,3,4,0,7
DAMIMAS_A21B_0788,DAMIMAS,train,4,True,json_dedup,0,1,7,3,11
DAMIMAS_A21B_0789,DAMIMAS,train,4,True,json_dedup,2,5,4,5,16
DAMIMAS_A21B_0790,DAMIMAS,train,4,True,json_dedup,2,0,6,0,8
DAMIMAS_A21B_0791,DAMIMAS,test,4,True,json_dedup,0,1,4,0,5
DAMIMAS_A21B_0792,DAMIMAS,train,4,True,json_dedup,0,3,7,2,12
DAMIMAS_A21B_0793,DAMIMAS,train,4,False,txt_naive,0,0,0,0,0
DAMIMAS_A21B_0794,DAMIMAS,val,4,True,json_dedup,0,2,9,0,11
DAMIMAS_A21B_0795,DAMIMAS,val,4,True,json_dedup,1,1,3,0,5
DAMIMAS_A21B_0796,DAMIMAS,val,4,True,json_dedup,0,0,5,1,6
DAMIMAS_A21B_0797,DAMIMAS,train,4,True,json_dedup,1,4,2,0,7
DAMIMAS_A21B_0798,DAMIMAS,train,4,True,json_dedup,1,2,4,0,7
DAMIMAS_A21B_0799,DAMIMAS,train,4,True,json_dedup,0,0,5,3,8
DAMIMAS_A21B_0800,DAMIMAS,train,4,True,json_dedup,0,2,5,3,10
DAMIMAS_A21B_0801,DAMIMAS,train,4,True,json_dedup,1,4,2,3,10
DAMIMAS_A21B_0802,DAMIMAS,train,4,True,json_dedup,1,2,2,4,9
DAMIMAS_A21B_0803,DAMIMAS,train,4,True,json_dedup,1,1,8,4,14
DAMIMAS_A21B_0804,DAMIMAS,train,4,True,json_dedup,1,2,5,1,9
DAMIMAS_A21B_0805,DAMIMAS,train,4,True,json_dedup,2,4,3,3,12
DAMIMAS_A21B_0806,DAMIMAS,train,4,True,json_dedup,1,0,5,1,7
DAMIMAS_A21B_0807,DAMIMAS,train,4,True,json_dedup,0,1,1,10,12
DAMIMAS_A21B_0808,DAMIMAS,train,4,True,json_dedup,2,1,3,4,10
DAMIMAS_A21B_0809,DAMIMAS,train,4,True,json_dedup,2,2,6,2,12
DAMIMAS_A21B_0810,DAMIMAS,val,8,False,txt_naive,2,3,27,14,46
DAMIMAS_A21B_0811,DAMIMAS,train,8,False,txt_naive,3,11,32,2,48
DAMIMAS_A21B_0812,DAMIMAS,val,8,False,txt_naive,3,15,20,1,39
DAMIMAS_A21B_0813,DAMIMAS,test,8,False,txt_naive,3,0,10,10,23
DAMIMAS_A21B_0814,DAMIMAS,test,8,False,txt_naive,0,0,20,4,24
DAMIMAS_A21B_0815,DAMIMAS,train,8,False,txt_naive,2,13,31,5,51
DAMIMAS_A21B_0816,DAMIMAS,train,8,False,txt_naive,5,12,25,3,45
DAMIMAS_A21B_0817,DAMIMAS,val,8,False,txt_naive,12,9,7,0,28
DAMIMAS_A21B_0818,DAMIMAS,train,8,False,txt_naive,1,13,26,0,40
DAMIMAS_A21B_0819,DAMIMAS,train,8,False,txt_naive,0,8,33,4,45
DAMIMAS_A21B_0820,DAMIMAS,train,8,False,txt_naive,1,13,29,3,46
DAMIMAS_A21B_0821,DAMIMAS,val,8,False,txt_naive,9,2,8,2,21
DAMIMAS_A21B_0822,DAMIMAS,test,8,False,txt_naive,4,3,29,2,38
DAMIMAS_A21B_0823,DAMIMAS,train,8,False,txt_naive,7,4,32,14,57
DAMIMAS_A21B_0824,DAMIMAS,val,8,False,txt_naive,4,20,16,1,41
DAMIMAS_A21B_0825,DAMIMAS,val,8,False,txt_naive,6,2,13,7,28
DAMIMAS_A21B_0826,DAMIMAS,val,8,False,txt_naive,0,11,10,0,21
DAMIMAS_A21B_0827,DAMIMAS,train,8,False,txt_naive,4,2,25,14,45
DAMIMAS_A21B_0828,DAMIMAS,train,8,False,txt_naive,5,15,28,1,49
DAMIMAS_A21B_0829,DAMIMAS,val,8,False,txt_naive,6,3,18,6,33
DAMIMAS_A21B_0830,DAMIMAS,train,8,False,txt_naive,12,6,8,8,34
DAMIMAS_A21B_0831,DAMIMAS,train,8,False,txt_naive,3,7,35,7,52
DAMIMAS_A21B_0832,DAMIMAS,train,8,False,txt_naive,0,8,28,1,37
DAMIMAS_A21B_0833,DAMIMAS,train,8,False,txt_naive,8,1,10,3,22
DAMIMAS_A21B_0834,DAMIMAS,train,8,False,txt_naive,5,15,13,13,46
DAMIMAS_A21B_0835,DAMIMAS,train,8,False,txt_naive,0,1,37,5,43
DAMIMAS_A21B_0836,DAMIMAS,train,8,False,txt_naive,11,9,16,0,36
DAMIMAS_A21B_0837,DAMIMAS,train,8,False,txt_naive,8,3,21,3,35
DAMIMAS_A21B_0838,DAMIMAS,train,8,False,txt_naive,0,3,14,17,34
DAMIMAS_A21B_0839,DAMIMAS,val,8,False,txt_naive,5,3,27,1,36
DAMIMAS_A21B_0840,DAMIMAS,train,8,False,txt_naive,5,21,18,1,45
DAMIMAS_A21B_0841,DAMIMAS,train,8,False,txt_naive,7,1,10,4,22
DAMIMAS_A21B_0842,DAMIMAS,train,8,False,txt_naive,8,10,16,12,46
DAMIMAS_A21B_0843,DAMIMAS,test,8,False,txt_naive,0,5,24,5,34
DAMIMAS_A21B_0844,DAMIMAS,train,8,False,txt_naive,5,17,21,2,45
DAMIMAS_A21B_0845,DAMIMAS,val,8,False,txt_naive,3,1,8,1,13
DAMIMAS_A21B_0846,DAMIMAS,train,8,False,txt_naive,0,12,14,0,26
DAMIMAS_A21B_0847,DAMIMAS,test,8,False,txt_naive,3,10,29,2,44
DAMIMAS_A21B_0848,DAMIMAS,val,8,False,txt_naive,0,9,15,1,25
DAMIMAS_A21B_0849,DAMIMAS,train,8,False,txt_naive,5,2,10,2,19
DAMIMAS_A21B_0850,DAMIMAS,train,8,False,txt_naive,6,6,18,13,43
DAMIMAS_A21B_0851,DAMIMAS,train,8,False,txt_naive,0,15,32,4,51
DAMIMAS_A21B_0852,DAMIMAS,train,8,False,txt_naive,2,8,4,0,14
DAMIMAS_A21B_0853,DAMIMAS,train,8,False,txt_naive,6,3,14,5,28
DAMIMAS_A21B_0854,DAMIMAS,train,8,False,txt_naive,12,6,12,12,42
LONSUM_A21A_0001,LONSUM,train,4,False,txt_naive,0,0,3,3,6
LONSUM_A21A_0002,LONSUM,test,4,False,txt_naive,0,6,5,0,11
LONSUM_A21A_0003,LONSUM,val,4,False,txt_naive,0,0,8,8,16
LONSUM_A21A_0004,LONSUM,train,4,False,txt_naive,0,6,9,0,15
LONSUM_A21A_0005,LONSUM,train,4,False,txt_naive,0,0,7,1,8
LONSUM_A21A_0006,LONSUM,train,4,False,txt_naive,2,3,3,3,11
LONSUM_A21A_0007,LONSUM,test,4,False,txt_naive,0,0,15,0,15
LONSUM_A21A_0008,LONSUM,val,4,False,txt_naive,0,0,3,0,3
LONSUM_A21A_0009,LONSUM,train,4,False,txt_naive,1,0,2,4,7
LONSUM_A21A_0010,LONSUM,train,4,False,txt_naive,1,4,5,3,13
LONSUM_A21A_0011,LONSUM,train,4,False,txt_naive,0,1,17,1,19
LONSUM_A21A_0012,LONSUM,train,4,False,txt_naive,0,3,5,1,9
LONSUM_A21A_0013,LONSUM,train,4,False,txt_naive,0,0,5,0,5
LONSUM_A21A_0014,LONSUM,train,4,False,txt_naive,0,0,7,1,8
LONSUM_A21A_0015,LONSUM,train,4,False,txt_naive,0,0,12,5,17
LONSUM_A21A_0016,LONSUM,val,4,False,txt_naive,0,0,4,0,4
LONSUM_A21A_0017,LONSUM,train,4,False,txt_naive,0,0,4,0,4
LONSUM_A21A_0018,LONSUM,val,4,False,txt_naive,0,4,6,1,11
LONSUM_A21A_0019,LONSUM,train,4,False,txt_naive,0,1,14,2,17
LONSUM_A21A_0020,LONSUM,train,4,False,txt_naive,0,1,6,0,7
LONSUM_A21A_0021,LONSUM,val,4,False,txt_naive,0,0,5,4,9
LONSUM_A21A_0022,LONSUM,train,4,False,txt_naive,0,5,3,0,8
LONSUM_A21A_0023,LONSUM,train,4,False,txt_naive,0,0,16,0,16
LONSUM_A21A_0024,LONSUM,train,4,False,txt_naive,0,0,3,0,3
LONSUM_A21A_0025,LONSUM,train,4,False,txt_naive,0,0,2,3,5
LONSUM_A21A_0026,LONSUM,test,4,False,txt_naive,0,3,4,2,9
LONSUM_A21A_0027,LONSUM,train,4,False,txt_naive,0,0,11,10,21
LONSUM_A21A_0028,LONSUM,test,4,False,txt_naive,0,2,12,3,17
LONSUM_A21A_0029,LONSUM,train,4,False,txt_naive,0,2,2,1,5
LONSUM_A21A_0030,LONSUM,train,4,False,txt_naive,0,1,0,0,1
LONSUM_A21A_0031,LONSUM,train,4,False,txt_naive,0,1,15,0,16
LONSUM_A21A_0032,LONSUM,train,4,False,txt_naive,0,0,2,0,2
LONSUM_A21A_0033,LONSUM,train,4,False,txt_naive,0,0,4,4,8
LONSUM_A21A_0034,LONSUM,train,4,False,txt_naive,1,5,7,4,17
LONSUM_A21A_0035,LONSUM,train,4,False,txt_naive,0,0,14,2,16
LONSUM_A21A_0036,LONSUM,train,4,False,txt_naive,0,3,12,0,15
LONSUM_A21A_0037,LONSUM,train,4,False,txt_naive,0,0,1,3,4
LONSUM_A21A_0038,LONSUM,val,4,False,txt_naive,0,3,5,7,15
LONSUM_A21A_0039,LONSUM,train,4,False,txt_naive,0,1,11,0,12
LONSUM_A21A_0040,LONSUM,train,4,False,txt_naive,0,0,10,0,10
LONSUM_A21A_0041,LONSUM,train,4,False,txt_naive,0,0,4,0,4
LONSUM_A21A_0042,LONSUM,train,4,False,txt_naive,0,0,3,1,4
LONSUM_A21A_0043,LONSUM,train,4,False,txt_naive,0,0,8,1,9
LONSUM_A21A_0044,LONSUM,train,4,False,txt_naive,0,2,14,0,16
LONSUM_A21A_0045,LONSUM,train,4,False,txt_naive,2,1,3,2,8
LONSUM_A21A_0046,LONSUM,val,4,False,txt_naive,0,0,2,0,2
LONSUM_A21A_0047,LONSUM,train,4,False,txt_naive,0,0,12,4,16
LONSUM_A21A_0048,LONSUM,train,4,False,txt_naive,0,5,10,0,15
LONSUM_A21A_0049,LONSUM,test,4,False,txt_naive,0,0,2,3,5
LONSUM_A21A_0050,LONSUM,train,4,False,txt_naive,0,9,5,4,18
LONSUM_A21A_0051,LONSUM,test,4,False,txt_naive,0,0,14,0,14
LONSUM_A21A_0052,LONSUM,train,4,False,txt_naive,0,0,7,0,7
LONSUM_A21A_0053,LONSUM,test,4,False,txt_naive,1,0,1,2,4
LONSUM_A21A_0054,LONSUM,val,4,False,txt_naive,3,4,7,2,16
LONSUM_A21A_0055,LONSUM,test,4,False,txt_naive,0,1,9,1,11
LONSUM_A21A_0056,LONSUM,train,4,False,txt_naive,0,0,13,0,13
LONSUM_A21A_0057,LONSUM,train,4,False,txt_naive,0,0,2,1,3
LONSUM_A21A_0058,LONSUM,train,4,False,txt_naive,0,6,6,6,18
LONSUM_A21A_0059,LONSUM,train,4,False,txt_naive,0,1,14,4,19
LONSUM_A21A_0060,LONSUM,train,4,False,txt_naive,0,3,9,0,12
LONSUM_A21A_0061,LONSUM,val,4,False,txt_naive,2,1,8,0,11
LONSUM_A21A_0062,LONSUM,val,4,False,txt_naive,0,5,7,2,14
LONSUM_A21A_0063,LONSUM,train,4,False,txt_naive,1,2,11,6,20
LONSUM_A21A_0064,LONSUM,train,4,False,txt_naive,1,1,5,0,7
LONSUM_A21A_0065,LONSUM,train,4,False,txt_naive,0,1,9,3,13
LONSUM_A21A_0066,LONSUM,train,4,False,txt_naive,0,2,7,4,13
LONSUM_A21A_0067,LONSUM,test,4,False,txt_naive,0,8,10,1,19
LONSUM_A21A_0068,LONSUM,train,4,False,txt_naive,0,6,10,0,16
LONSUM_A21A_0069,LONSUM,train,4,False,txt_naive,0,0,1,4,5
LONSUM_A21A_0070,LONSUM,train,4,False,txt_naive,0,5,5,2,12
LONSUM_A21A_0071,LONSUM,train,4,False,txt_naive,0,2,5,1,8
LONSUM_A21A_0072,LONSUM,train,4,False,txt_naive,0,0,1,0,1
LONSUM_A21A_0073,LONSUM,train,4,False,txt_naive,0,0,1,1,2
LONSUM_A21A_0074,LONSUM,train,4,False,txt_naive,0,2,5,2,9
LONSUM_A21A_0075,LONSUM,train,4,False,txt_naive,0,0,9,2,11
LONSUM_A21A_0076,LONSUM,val,4,False,txt_naive,0,1,11,0,12
LONSUM_A21A_0077,LONSUM,train,4,False,txt_naive,0,0,3,4,7
LONSUM_A21A_0078,LONSUM,val,4,False,txt_naive,0,5,5,7,17
LONSUM_A21A_0079,LONSUM,train,4,False,txt_naive,0,0,8,0,8
LONSUM_A21A_0080,LONSUM,train,4,False,txt_naive,0,0,5,0,5
LONSUM_A21A_0081,LONSUM,train,4,False,txt_naive,0,0,3,4,7
LONSUM_A21A_0082,LONSUM,train,4,False,txt_naive,0,3,3,1,7
LONSUM_A21A_0083,LONSUM,train,4,False,txt_naive,0,2,14,1,17
LONSUM_A21A_0084,LONSUM,test,4,False,txt_naive,0,0,4,0,4
LONSUM_A21A_0085,LONSUM,train,4,False,txt_naive,0,0,1,1,2
LONSUM_A21A_0086,LONSUM,test,4,False,txt_naive,0,2,5,3,10
LONSUM_A21A_0087,LONSUM,test,4,False,txt_naive,0,0,9,0,9
LONSUM_A21A_0088,LONSUM,train,4,False,txt_naive,1,5,12,0,18
LONSUM_A21A_0089,LONSUM,test,4,False,txt_naive,0,0,0,0,0
LONSUM_A21A_0090,LONSUM,train,4,False,txt_naive,0,2,5,3,10
LONSUM_A21A_0091,LONSUM,val,4,False,txt_naive,0,1,13,2,16
LONSUM_A21A_0092,LONSUM,train,4,False,txt_naive,0,2,11,0,13
LONSUM_A21A_0093,LONSUM,val,4,False,txt_naive,0,0,7,0,7
LONSUM_A21A_0094,LONSUM,test,4,False,txt_naive,1,1,7,3,12
LONSUM_A21A_0095,LONSUM,train,4,False,txt_naive,0,2,6,4,12
LONSUM_A21A_0096,LONSUM,train,4,False,txt_naive,0,0,9,0,9
LONSUM_A21A_0097,LONSUM,val,4,False,txt_naive,0,0,3,2,5
LONSUM_A21A_0098,LONSUM,train,4,False,txt_naive,0,4,3,2,9
LONSUM_A21A_0099,LONSUM,test,4,False,txt_naive,0,0,14,2,16
